Label,Alabama_Count,Alabama_Male,Alabama_Female,Alaska_Count,Alaska_Male,Alaska_Female,Arizona_Count,Arizona_Male,Arizona_Female,Arkansas_Count,Arkansas_Male,Arkansas_Female,California_Count,California_Male,California_Female,Colorado_Count,Colorado_Male,Colorado_Female,Connecticut_Count,Connecticut_Male,Connecticut_Female,Delaware_Count,Delaware_Male,Delaware_Female,District of Columbia_Count,District of Columbia_Male,District of Columbia_Female,Florida_Count,Florida_Male,Florida_Female,Georgia_Count,Georgia_Male,Georgia_Female,Hawaii_Count,Hawaii_Male,Hawaii_Female,Idaho_Count,Idaho_Male,Idaho_Female,Illinois_Count,Illinois_Male,Illinois_Female,Indiana_Count,Indiana_Male,Indiana_Female,Iowa_Count,Iowa_Male,Iowa_Female,Kansas_Count,Kansas_Male,Kansas_Female,Kentucky_Count,Kentucky_Male,Kentucky_Female,Louisiana_Count,Louisiana_Male,Louisiana_Female,Maine_Count,Maine_Male,Maine_Female,Maryland_Count,Maryland_Male,Maryland_Female,Massachusetts_Count,Massachusetts_Male,Massachusetts_Female,Michigan_Count,Michigan_Male,Michigan_Female,Minnesota_Count,Minnesota_Male,Minnesota_Female,Mississippi_Count,Mississippi_Male,Mississippi_Female,Missouri_Count,Missouri_Male,Missouri_Female,Montana_Count,Montana_Male,Montana_Female,Nebraska_Count,Nebraska_Male,Nebraska_Female,Nevada_Count,Nevada_Male,Nevada_Female,New Hampshire_Count,New Hampshire_Male,New Hampshire_Female,New Jersey_Count,New Jersey_Male,New Jersey_Female,New Mexico_Count,New Mexico_Male,New Mexico_Female,New York_Count,New York_Male,New York_Female,North Carolina_Count,North Carolina_Male,North Carolina_Female,North Dakota_Count,North Dakota_Male,North Dakota_Female,Ohio_Count,Ohio_Male,Ohio_Female,Oklahoma_Count,Oklahoma_Male,Oklahoma_Female,Oregon_Count,Oregon_Male,Oregon_Female,Pennsylvania_Count,Pennsylvania_Male,Pennsylvania_Female,Rhode Island_Count,Rhode Island_Male,Rhode Island_Female,South Carolina_Count,South Carolina_Male,South Carolina_Female,South Dakota_Count,South Dakota_Male,South Dakota_Female,Tennessee_Count,Tennessee_Male,Tennessee_Female,Texas_Count,Texas_Male,Texas_Female,Utah_Count,Utah_Male,Utah_Female,Vermont_Count,Vermont_Male,Vermont_Female,Virginia_Count,Virginia_Male,Virginia_Female,Washington_Count,Washington_Male,Washington_Female,West Virginia_Count,West Virginia_Male,West Virginia_Female,Wisconsin_Count,Wisconsin_Male,Wisconsin_Female,Wyoming_Count,Wyoming_Male,Wyoming_Female,Puerto Rico_Count,Puerto Rico_Male,Puerto Rico_Female
AGE BY EDUCATIONAL ATTAINMENT,,,,,,,,,,,,,,,,,,,,,,,,,,,,,,,,,,,,,,,,,,,,,,,,,,,,,,,,,,,,,,,,,,,,,,,,,,,,,,,,,,,,,,,,,,,,,,,,,,,,,,,,,,,,,,,,,,,,,,,,,,,,,,,,,,,,,,,,,,,,,,,,,,,,,,,,,,,,
Population 18 to 24 years,"468,319","235,692","232,627","82,518","48,263","34,255","669,583","345,832","323,751","284,441","144,726","139,715","3,943,137","2,037,703","1,905,434","527,949","277,962","249,987","352,843","181,858","170,985","89,098","44,998","44,100","81,506","37,209","44,297","1,774,002","912,229","861,773","1,028,679","523,024","505,655","134,483","75,365","59,118","156,767","79,751","77,016","1,237,872","628,615","609,257","676,373","344,413","331,960","320,642","165,524","155,118","302,928","160,097","142,831","425,719","218,474","207,245","459,284","235,246","224,038","112,229","58,050","54,179","556,183","283,318","272,865","700,584","350,262","350,322","986,405","502,730","483,675","505,761","256,708","249,053","311,989","156,653","155,336","593,894","302,843","291,051","100,393","53,454","46,939","192,977","98,599","94,378","254,123","129,724","124,399","130,063","66,388","63,675","792,764","408,466","384,298","208,145","106,747","101,398","1,941,151","974,775","966,376","992,108","522,805","469,303","93,597","49,443","44,154","1,087,145","551,057","536,088","392,378","203,924","188,454","363,364","183,929","179,435","1,214,756","618,005","596,751","114,340","56,648","57,692","487,006","250,386","236,620","85,681","44,388","41,293","633,012","320,102","312,910","2,787,469","1,434,799","1,352,670","341,637","172,958","168,679","67,228","34,843","32,385","827,861","426,987","400,874","669,067","348,769","320,298","164,334","85,937","78,397","560,301","283,999","276,302","57,860","30,355","27,505","354,263","178,653","175,610"
    Less than high school graduate,"70,992","40,806","30,186","12,427","7,815","4,612","114,187","67,044","47,143","36,309","20,270","16,039","490,779","296,563","194,216","70,618","40,123","30,495","37,981","24,913","13,068","12,574","7,435","5,139","5,031","3,371","1,660","290,921","172,078","118,843","168,766","98,934","69,832","8,519","3,963","4,556","21,822","12,383","9,439","154,211","89,022","65,189","107,912","62,122","45,790","34,913","21,093","13,820","37,791","22,631","15,160","60,373","36,773","23,600","76,591","44,624","31,967","13,424","7,166","6,258","61,026","36,143","24,883","71,420","44,116","27,304","128,219","77,060","51,159","66,536","37,740","28,796","49,158","29,765","19,393","82,094","47,271","34,823","16,220","9,098","7,122","22,584","13,556","9,028","47,331","28,460","18,871","14,427","7,891","6,536","92,194","54,099","38,095","37,642","22,360","15,282","231,056","133,457","97,599","141,265","82,452","58,813","9,624","5,855","3,769","149,417","83,752","65,665","66,254","37,332","28,922","55,106","34,263","20,843","150,500","87,002","63,498","11,114","7,439","3,675","62,383","34,945","27,438","12,173","6,974","5,199","66,248","39,104","27,144","445,677","257,721","187,956","43,390","25,436","17,954","5,619","3,358","2,261","84,270","49,034","35,236","92,652","52,829","39,823","18,997","10,875","8,122","62,206","35,345","26,861","8,953","5,052","3,901","34,163","20,386","13,777"
    High school graduate (includes equivalency),"149,612","83,861","65,751","31,416","18,484","12,932","203,312","113,257","90,055","90,153","51,576","38,577","1,166,501","658,547","507,954","157,730","91,640","66,090","97,565","55,832","41,733","27,340","14,332","13,008","19,290","9,281","10,009","526,907","298,451","228,456","327,755","180,073","147,682","51,611","33,464","18,147","53,986","30,618","23,368","357,249","195,374","161,875","211,407","117,441","93,966","83,647","47,408","36,239","89,828","51,348","38,480","148,269","84,471","63,798","150,433","85,243","65,190","34,849","18,256","16,593","159,573","89,925","69,648","192,573","107,784","84,789","284,916","159,798","125,118","138,996","79,931","59,065","90,111","48,735","41,376","178,672","100,904","77,768","35,650","19,743","15,907","50,520","28,686","21,834","88,796","48,839","39,957","41,363","24,361","17,002","215,678","119,962","95,716","62,173","35,479","26,694","508,223","283,316","224,907","305,851","181,300","124,551","24,590","14,720","9,870","355,266","200,145","155,121","127,197","72,567","54,630","109,704","59,524","50,180","398,081","220,722","177,359","32,621","17,240","15,381","164,465","95,608","68,857","25,843","14,397","11,446","230,156","126,325","103,831","896,395","498,979","397,416","105,883","60,594","45,289","17,715","9,464","8,251","252,719","144,733","107,986","209,996","119,047","90,949","61,194","37,448","23,746","176,145","100,221","75,924","19,757","12,019","7,738","100,920","54,569","46,351"
    Some college or associate's degree,"212,684","97,919","114,765","33,882","19,865","14,017","302,777","145,132","157,645","137,505","64,632","72,873","1,904,349","921,067","983,282","240,847","123,405","117,442","165,295","78,571","86,724","39,399","18,622","20,777","37,684","17,871","19,813","800,421","380,008","420,413","449,485","210,367","239,118","63,452","34,014","29,438","72,765","32,852","39,913","571,238","276,086","295,152","293,630","137,353","156,277","170,254","84,026","86,228","148,277","74,436","73,841","185,156","82,564","102,592","198,157","90,286","107,871","53,201","27,213","25,988","258,068","123,717","134,351","315,353","144,534","170,819","477,521","224,130","253,391","235,159","112,508","122,651","153,465","69,978","83,487","276,496","131,859","144,637","42,521","22,733","19,788","95,740","46,649","49,091","105,235","48,389","56,846","58,383","27,181","31,202","364,141","180,401","183,740","98,641","45,193","53,448","896,102","430,675","465,427","451,025","220,657","230,368","47,163","23,458","23,705","476,502","222,728","253,774","169,139","81,984","87,155","163,286","75,175","88,111","523,401","251,830","271,571","55,722","26,086","29,636","218,004","103,398","114,606","39,371","20,098","19,273","278,756","131,925","146,831","1,224,498","587,296","637,202","169,008","79,592","89,416","34,136","17,429","16,707","392,124","194,283","197,841","296,796","145,617","151,179","71,040","32,979","38,061","259,581","122,933","136,648","26,466","12,258","14,208","193,763","92,867","100,896"
    Bachelor's degree or higher,"35,031","13,106","21,925","4,793","2,099","2,694","49,307","20,399","28,908","20,474","8,248","12,226","381,508","161,526","219,982","58,754","22,794","35,960","52,002","22,542","29,460","9,785","4,609","5,176","19,501","6,686","12,815","155,753","61,692","94,061","82,673","33,650","49,023","10,901","3,924","6,977","8,194","3,898","4,296","155,174","68,133","87,041","63,424","27,497","35,927","31,828","12,997","18,831","27,032","11,682","15,350","31,921","14,666","17,255","34,103","15,093","19,010","10,755","5,415","5,340","77,516","33,533","43,983","121,238","53,828","67,410","95,749","41,742","54,007","65,070","26,529","38,541","19,255","8,175","11,080","56,632","22,809","33,823","6,002","1,880","4,122","24,133","9,708","14,425","12,761","4,036","8,725","15,890","6,955","8,935","120,751","54,004","66,747","9,689","3,715","5,974","305,770","127,327","178,443","93,967","38,396","55,571","12,220","5,410","6,810","105,960","44,432","61,528","29,788","12,041","17,747","35,268","14,967","20,301","142,774","58,451","84,323","14,883","5,883","9,000","42,154","16,435","25,719","8,294","2,919","5,375","57,852","22,748","35,104","220,899","90,803","130,096","23,356","7,336","16,020","9,758","4,592","5,166","98,748","38,937","59,811","69,623","31,276","38,347","13,103","4,635","8,468","62,369","25,500","36,869","2,684","1,026","1,658","25,417","10,831","14,586"
Population 25 years and over,"3,282,252","1,551,470","1,730,782","469,523","244,336","225,187","4,536,954","2,215,766","2,321,188","1,987,819","954,538","1,033,281","26,085,263","12,749,155","13,336,108","3,671,853","1,822,253","1,849,600","2,474,718","1,179,027","1,295,691","652,636","308,965","343,671","472,884","222,420","250,464","14,394,281","6,891,352","7,502,929","6,683,767","3,172,727","3,511,040","985,914","490,765","495,149","1,065,982","525,809","540,173","8,661,938","4,173,053","4,488,885","4,363,573","2,104,205","2,259,368","2,074,504","1,011,619","1,062,885","1,888,479","921,827","966,652","2,988,790","1,439,832","1,548,958","3,095,255","1,476,206","1,619,049","961,240","460,849","500,391","4,102,486","1,940,440","2,162,046","4,706,644","2,237,524","2,469,120","6,728,347","3,245,398","3,482,949","3,700,935","1,814,928","1,886,007","1,952,337","922,537","1,029,800","4,097,212","1,968,517","2,128,695","706,329","350,130","356,199","1,232,583","603,512","629,071","1,968,167","977,605","990,562","937,214","456,520","480,694","6,166,384","2,943,930","3,222,454","1,377,548","672,669","704,879","13,641,473","6,482,688","7,158,785","6,762,644","3,201,620","3,561,024","492,017","251,615","240,402","7,896,470","3,787,141","4,109,329","2,557,863","1,241,561","1,316,302","2,804,461","1,368,524","1,435,937","8,895,727","4,265,968","4,629,759","730,083","346,756","383,327","3,319,832","1,573,721","1,746,111","563,108","278,842","284,266","4,473,487","2,134,872","2,338,615","17,472,861","8,516,061","8,956,800","1,741,949","864,509","877,440","438,654","211,965","226,689","5,685,318","2,742,819","2,942,499","4,889,314","2,412,583","2,476,731","1,300,347","630,913","669,434","3,918,997","1,921,412","1,997,585","388,747","193,940","194,807","2,382,526","1,098,998","1,283,528"
Less than 9th grade,"158,830","85,356","73,474","12,121","6,295","5,826","271,316","131,711","139,605","105,945","51,615","54,330","2,582,757","1,234,380","1,348,377","135,573","67,869","67,704","104,772","51,816","52,956","24,692","12,587","12,105","20,227","10,217","10,010","750,053","364,351","385,702","332,116","174,022","158,094","39,945","17,184","22,761","39,730","21,795","17,935","456,567","223,594","232,973","164,941","87,174","77,767","66,506","34,198","32,308","71,948","37,242","34,706","183,951","95,517","88,434","159,933","89,077","70,856","27,176","13,053","14,123","173,874","87,636","86,238","213,496","100,599","112,897","201,139","101,960","99,179","112,193","55,766","56,427","112,812","61,007","51,805","145,571","74,187","71,384","14,391","7,720","6,671","47,858","23,932","23,926","125,701","61,560","64,141","18,249","10,413","7,836","319,454","156,115","163,339","92,820","47,827","44,993","903,295","417,586","485,709","340,573","183,224","157,349","18,142","9,126","9,016","233,766","114,838","118,928","108,956","57,930","51,026","103,304","52,124","51,180","297,088","144,213","152,875","40,319","19,668","20,651","147,012","76,063","70,949","19,422","9,998","9,424","237,285","120,422","116,863","1,559,568","784,041","775,527","49,949","24,232","25,717","12,303","6,652","5,651","256,445","134,611","121,834","191,853","95,884","95,969","58,050","30,940","27,110","116,279","59,117","57,162","7,773","4,125","3,648","391,558","190,290","201,268"
"9th to 12th grade, no diploma","338,052","167,474","170,578","22,495","11,211","11,284","359,657","188,285","171,372","184,126","96,621","87,505","2,060,753","1,081,063","979,690","188,280","100,329","87,951","137,496","71,031","66,465","47,663","26,240","21,423","28,022","13,868","14,154","1,031,199","548,641","482,558","593,620","304,637","288,983","50,050","26,474","23,576","66,804","34,202","32,602","535,035","281,679","253,356","349,195","171,218","177,977","105,159","57,307","47,852","111,806","59,193","52,613","260,013","136,009","124,004","316,837","169,874","146,963","52,423","30,647","21,776","251,792","130,248","121,544","245,853","128,797","117,056","461,761","240,172","221,589","155,113","85,457","69,656","209,997","112,707","97,290","308,053","161,184","146,869","31,182","16,509","14,673","62,768","34,148","28,620","157,660","82,220","75,440","46,392","25,539","20,853","355,305","180,139","175,166","118,788","62,021","56,767","1,012,572","516,566","496,006","568,846","299,558","269,288","18,826","11,698","7,128","579,508","289,488","290,020","215,702","107,610","108,092","176,281","90,952","85,329","620,062","316,074","303,988","49,725","24,513","25,212","306,843","159,949","146,894","30,620","17,338","13,282","386,520","202,481","184,039","1,511,574","774,112","737,462","97,817","52,414","45,403","24,166","14,737","9,429","373,316","193,314","180,002","256,378","136,619","119,759","124,065","64,837","59,228","219,265","120,004","99,261","22,652","11,039","11,613","210,220","114,884","95,336"
    High school graduate (includes equivalency),"1,018,063","504,353","513,710","128,052","73,672","54,380","1,110,871","549,720","561,151","678,452","342,205","336,247","5,430,081","2,716,755","2,713,326","796,984","407,358","389,626","678,916","337,500","341,416","194,810","95,001","99,809","82,181","34,623","47,558","4,201,879","2,014,906","2,186,973","1,879,302","924,481","954,821","267,568","139,877","127,691","292,667","147,956","144,711","2,314,192","1,144,988","1,169,204","1,496,775","747,772","749,003","664,912","342,907","322,005","501,278","256,104","245,174","1,002,541","511,496","491,045","1,056,533","522,979","533,554","314,332","157,860","156,472","1,029,325","503,981","525,344","1,184,423","594,411","590,012","1,979,472","978,330","1,001,142","941,170","484,574","456,596","605,790","303,036","302,754","1,269,953","632,539","637,414","222,399","113,896","108,503","331,868","168,187","163,681","549,151","278,906","270,245","267,078","131,975","135,103","1,757,377","842,097","915,280","369,807","186,919","182,888","3,615,023","1,775,320","1,839,703","1,785,510","891,569","893,941","135,670","72,195","63,475","2,664,823","1,321,937","1,342,886","808,375","408,574","399,801","654,930","327,185","327,745","3,174,802","1,548,184","1,626,618","204,295","99,196","105,099","977,099","473,390","503,709","175,958","93,438","82,520","1,482,137","725,899","756,238","4,425,654","2,203,084","2,222,570","421,822","203,229","218,593","127,127","67,576","59,551","1,399,157","692,753","706,404","1,127,649","575,103","552,546","529,290","268,007","261,283","1,223,628","622,022","601,606","111,830","60,492","51,338","647,581","323,832","323,749"
"    Some college, no degree","707,979","325,301","382,678","129,326","66,243","63,083","1,155,555","554,696","600,859","450,886","215,514","235,372","5,603,279","2,703,218","2,900,061","809,037","403,198","405,839","417,520","197,488","220,032","130,986","60,561","70,425","60,107","27,739","32,368","2,935,247","1,380,725","1,554,522","1,382,608","635,567","747,041","213,206","108,070","105,136","287,585","133,518","154,067","1,804,602","865,414","939,188","900,400","425,311","475,089","444,608","212,014","232,594","446,076","213,904","232,172","611,050","289,476","321,574","654,211","300,765","353,446","184,421","86,366","98,055","789,382","367,504","421,878","748,705","344,311","404,394","1,593,413","767,010","826,403","794,499","385,394","409,105","438,004","201,617","236,387","915,960","437,429","478,531","161,387","78,197","83,190","292,746","139,458","153,288","512,364","253,002","259,362","179,983","86,423","93,560","1,024,098","488,754","535,344","325,356","159,762","165,594","2,177,053","1,063,656","1,113,397","1,452,845","668,249","784,596","111,721","59,874","51,847","1,623,927","779,854","844,073","606,070","289,043","317,027","722,848","349,535","373,313","1,423,274","677,923","745,351","134,773","65,041","69,732","685,917","314,808","371,109","119,929","56,122","63,807","915,965","425,615","490,350","3,816,471","1,801,827","2,014,644","458,040","215,934","242,106","75,070","33,840","41,230","1,127,401","530,771","596,630","1,171,141","558,537","612,604","244,509","116,084","128,425","835,967","405,454","430,513","102,246","49,074","53,172","314,431","156,826","157,605"
    Associate's degree,"266,452","102,785","163,667","38,113","19,072","19,041","382,106","169,877","212,229","135,029","50,244","84,785","1,992,703","890,702","1,102,001","301,203","138,424","162,779","187,970","71,860","116,110","52,556","20,160","32,396","14,002","5,677","8,325","1,383,565","594,730","788,835","496,008","204,537","291,471","105,951","50,548","55,403","102,284","46,165","56,119","698,002","299,881","398,121","364,142","156,923","207,219","236,728","103,257","133,471","158,308","67,042","91,266","235,061","89,633","145,428","189,683","73,911","115,772","93,335","40,716","52,619","266,499","106,044","160,455","362,478","143,939","218,539","622,089","258,808","363,281","413,953","191,658","222,295","179,135","68,130","111,005","316,815","135,856","180,959","60,796","29,855","30,941","125,055","60,949","64,106","159,610","72,127","87,483","91,199","39,558","51,641","392,077","163,107","228,970","106,315","48,951","57,364","1,155,067","497,766","657,301","623,813","249,372","374,441","64,255","31,939","32,316","679,330","271,268","408,062","188,756","78,241","110,515","245,431","112,481","132,950","739,478","317,811","421,667","62,153","24,846","37,307","312,720","127,658","185,062","62,294","29,315","32,979","300,500","120,214","180,286","1,204,220","551,955","652,265","159,609","71,459","88,150","37,916","16,312","21,604","426,955","175,696","251,259","471,400","217,113","254,287","90,019","31,694","58,325","411,400","193,215","218,185","42,212","18,662","23,550","228,508","91,027","137,481"
    Bachelor's degree,"504,626","237,072","267,554","87,869","42,968","44,901","788,933","384,998","403,935","278,975","128,621","150,354","5,285,754","2,557,226","2,728,528","909,032","443,990","465,042","535,933","259,511","276,422","117,581","56,692","60,889","112,629","57,480","55,149","2,620,339","1,261,281","1,359,058","1,244,449","588,800","655,649","205,033","98,340","106,693","189,566","94,857","94,709","1,757,697","841,167","916,530","697,223","330,742","366,481","377,035","173,517","203,518","384,495","186,866","197,629","406,865","190,172","216,693","470,739","211,175","259,564","187,513","85,315","102,198","866,352","399,923","466,429","1,086,715","518,129","568,586","1,145,546","548,704","596,842","847,584","400,657","446,927","253,036","114,104","138,932","706,922","331,241","375,681","144,135","67,913","76,222","244,556","114,430","130,126","304,948","152,109","152,839","205,513","101,068","104,445","1,437,307","678,975","758,332","198,116","89,433","108,683","2,727,078","1,304,455","1,422,623","1,277,412","581,822","695,590","105,625","47,257","58,368","1,329,009","637,089","691,920","421,765","200,845","220,920","566,244","271,814","294,430","1,611,499","777,894","833,605","141,131","68,109","73,022","575,843","281,378","294,465","110,562","51,415","59,147","719,980","337,665","382,315","3,266,266","1,549,377","1,716,889","368,302","182,840","185,462","97,824","43,026","54,798","1,209,217","565,156","644,061","1,059,707","513,738","545,969","152,256","71,995","80,261","742,544","348,822","393,722","67,108","33,105","34,003","424,255","156,077","268,178"
    Graduate or professional degree,"288,250","129,129","159,121","51,547","24,875","26,672","468,516","236,479","232,037","154,406","69,718","84,688","3,129,936","1,565,811","1,564,125","531,744","261,085","270,659","412,111","189,821","222,290","84,348","37,724","46,624","155,716","72,816","82,900","1,471,999","726,718","745,281","755,664","340,683","414,981","104,161","50,272","53,889","87,346","47,316","40,030","1,095,843","516,330","579,513","390,897","185,065","205,832","179,556","88,419","91,137","214,568","101,476","113,092","289,309","127,529","161,780","247,319","108,425","138,894","102,040","46,892","55,148","725,262","345,104","380,158","864,974","407,338","457,636","724,927","350,414","374,513","436,423","211,422","225,001","153,563","61,936","91,627","433,938","196,081","237,857","72,039","36,040","35,999","127,732","62,408","65,324","158,733","77,681","81,052","128,800","61,544","67,256","880,766","434,743","446,023","166,346","77,756","88,590","2,051,385","907,339","1,144,046","713,645","327,826","385,819","37,778","19,526","18,252","786,107","372,667","413,440","208,239","99,318","108,921","335,423","164,433","170,990","1,029,524","483,869","545,655","97,687","45,383","52,304","314,398","140,475","173,923","44,323","21,216","23,107","431,100","202,576","228,524","1,689,108","851,665","837,443","186,410","114,401","72,009","64,248","29,822","34,426","892,827","450,518","442,309","611,186","315,589","295,597","102,158","47,356","54,802","369,914","172,778","197,136","34,926","17,443","17,483","165,973","66,062","99,911"
Percent high school graduate or higher,(X),(X),(X),(X),(X),(X),(X),(X),(X),(X),(X),(X),(X),(X),(X),(X),(X),(X),(X),(X),(X),(X),(X),(X),(X),(X),(X),(X),(X),(X),(X),(X),(X),(X),(X),(X),(X),(X),(X),(X),(X),(X),(X),(X),(X),(X),(X),(X),(X),(X),(X),(X),(X),(X),(X),(X),(X),(X),(X),(X),(X),(X),(X),(X),(X),(X),(X),(X),(X),(X),(X),(X),(X),(X),(X),(X),(X),(X),(X),(X),(X),(X),(X),(X),(X),(X),(X),(X),(X),(X),(X),(X),(X),(X),(X),(X),(X),(X),(X),(X),(X),(X),(X),(X),(X),(X),(X),(X),(X),(X),(X),(X),(X),(X),(X),(X),(X),(X),(X),(X),(X),(X),(X),(X),(X),(X),(X),(X),(X),(X),(X),(X),(X),(X),(X),(X),(X),(X),(X),(X),(X),(X),(X),(X),(X),(X),(X),(X),(X),(X),(X),(X),(X),(X),(X),(X)
Percent bachelor's degree or higher,(X),(X),(X),(X),(X),(X),(X),(X),(X),(X),(X),(X),(X),(X),(X),(X),(X),(X),(X),(X),(X),(X),(X),(X),(X),(X),(X),(X),(X),(X),(X),(X),(X),(X),(X),(X),(X),(X),(X),(X),(X),(X),(X),(X),(X),(X),(X),(X),(X),(X),(X),(X),(X),(X),(X),(X),(X),(X),(X),(X),(X),(X),(X),(X),(X),(X),(X),(X),(X),(X),(X),(X),(X),(X),(X),(X),(X),(X),(X),(X),(X),(X),(X),(X),(X),(X),(X),(X),(X),(X),(X),(X),(X),(X),(X),(X),(X),(X),(X),(X),(X),(X),(X),(X),(X),(X),(X),(X),(X),(X),(X),(X),(X),(X),(X),(X),(X),(X),(X),(X),(X),(X),(X),(X),(X),(X),(X),(X),(X),(X),(X),(X),(X),(X),(X),(X),(X),(X),(X),(X),(X),(X),(X),(X),(X),(X),(X),(X),(X),(X),(X),(X),(X),(X),(X),(X)
Population 25 to 34 years,"624,472","304,812","319,660","118,778","63,933","54,845","914,761","471,430","443,331","385,391","190,379","195,012","5,832,712","2,994,843","2,837,869","827,137","428,665","398,472","442,776","223,295","219,481","124,348","61,076","63,272","152,487","71,627","80,860","2,593,253","1,303,403","1,289,850","1,383,268","684,248","699,020","216,396","117,051","99,345","216,810","109,776","107,034","1,773,212","889,312","883,900","842,022","420,387","421,635","392,752","198,783","193,969","384,499","196,774","187,725","561,502","279,772","281,730","670,600","327,698","342,902","151,964","74,340","77,624","834,133","412,273","421,860","941,776","467,178","474,598","1,221,558","614,827","606,731","745,711","377,283","368,428","373,921","184,950","188,971","796,209","397,613","398,596","128,657","65,615","63,042","252,652","129,028","123,624","411,910","209,071","202,839","155,315","79,484","75,831","1,151,980","582,264","569,716","272,426","142,245","130,181","2,875,580","1,432,316","1,443,264","1,298,130","635,979","662,151","114,100","63,292","50,808","1,486,363","743,574","742,789","535,955","271,258","264,697","553,310","279,512","273,798","1,648,641","830,794","817,847","143,020","71,743","71,277","631,579","314,957","316,622","111,923","57,233","54,690","865,801","426,347","439,454","3,977,864","2,019,364","1,958,500","440,506","223,444","217,062","70,733","35,754","34,979","1,172,805","591,551","581,254","1,050,364","540,210","510,154","217,874","108,557","109,317","725,456","369,768","355,688","82,440","41,573","40,867","421,169","205,434","215,735"
    High school graduate or higher,"542,689","258,066","284,623","110,327","59,402","50,925","795,472","402,298","393,174","341,615","166,103","175,512","5,078,189","2,557,086","2,521,103","761,849","390,003","371,846","408,304","203,122","205,182","109,417","53,020","56,397","144,158","67,393","76,765","2,326,010","1,140,891","1,185,119","1,209,458","580,433","629,025","206,271","110,957","95,314","195,842","98,188","97,654","1,621,054","797,392","823,662","745,968","367,512","378,456","365,952","183,939","182,013","346,055","174,530","171,525","508,192","248,748","259,444","583,410","275,591","307,819","141,424","68,821","72,603","755,441","364,695","390,746","881,127","429,939","451,188","1,114,078","554,218","559,860","696,370","348,968","347,402","327,020","156,645","170,375","726,046","356,937","369,109","120,750","61,201","59,549","232,501","116,654","115,847","359,446","180,563","178,883","147,196","75,139","72,057","1,060,132","527,132","533,000","231,232","116,986","114,246","2,582,494","1,264,282","1,318,212","1,143,191","545,210","597,981","108,196","59,061","49,135","1,367,228","677,809","689,419","476,266","237,880","238,386","503,719","251,338","252,381","1,518,212","755,930","762,282","130,237","64,504","65,733","561,787","273,099","288,688","102,933","52,245","50,688","777,408","376,913","400,495","3,447,694","1,716,343","1,731,351","406,490","203,398","203,092","64,762","32,011","32,751","1,082,827","539,613","543,214","958,369","487,296","471,073","197,532","98,412","99,120","676,867","340,228","336,639","75,566","38,277","37,289","375,066","177,034","198,032"
    Bachelor's degree or higher,"161,130","67,938","93,192","33,668","16,018","17,650","241,047","108,735","132,312","93,033","39,462","53,571","1,985,160","920,016","1,065,144","324,927","148,905","176,022","193,704","87,290","106,414","40,876","18,161","22,715","108,617","51,576","57,041","753,931","325,352","428,579","425,539","178,838","246,701","68,023","31,882","36,141","54,439","26,199","28,240","709,146","321,692","387,454","247,422","109,415","138,007","131,643","57,344","74,299","136,905","62,509","74,396","154,242","65,220","89,022","177,467","77,342","100,125","49,547","21,160","28,387","337,263","148,459","188,804","479,197","218,038","261,159","385,851","172,737","213,114","303,598","138,647","164,951","86,420","35,095","51,325","259,997","112,865","147,132","42,354","17,657","24,697","87,702","39,785","47,917","88,576","39,110","49,466","63,277","27,992","35,285","502,996","226,449","276,547","59,093","26,467","32,626","1,267,773","558,688","709,085","416,402","173,777","242,625","40,646","18,155","22,491","476,381","214,757","261,624","135,896","60,483","75,413","189,883","85,396","104,487","623,873","279,167","344,706","51,879","24,142","27,737","184,488","79,727","104,761","35,034","15,951","19,083","264,324","115,610","148,714","1,170,897","521,988","648,909","138,030","67,945","70,085","27,518","11,847","15,671","464,470","208,555","255,915","373,612","174,881","198,731","57,056","25,453","31,603","243,575","107,067","136,508","21,981","10,761","11,220","123,437","45,574","77,863"
Population 35 to 44 years,"612,193","297,114","315,079","91,656","47,778","43,878","845,274","425,605","419,669","367,499","182,421","185,078","5,190,370","2,601,689","2,588,681","737,989","379,324","358,665","432,504","211,062","221,442","110,727","53,905","56,822","96,419","48,025","48,394","2,463,472","1,219,998","1,243,474","1,388,193","669,990","718,203","177,777","91,264","86,513","204,505","103,047","101,458","1,672,605","834,894","837,711","822,598","411,598","411,000","368,059","186,199","181,860","347,230","175,374","171,856","563,472","282,754","280,718","578,072","288,942","289,130","152,672","75,281","77,391","769,729","374,561","395,168","838,603","411,344","427,259","1,175,407","583,225","592,182","675,937","341,891","334,046","385,487","187,030","198,457","733,744","365,077","368,667","118,633","60,753","57,880","232,446","118,967","113,479","388,122","196,075","192,047","156,414","77,413","79,001","1,168,897","576,550","592,347","246,672","125,403","121,269","2,498,772","1,226,428","1,272,344","1,312,886","641,272","671,614","86,540","46,615","39,925","1,400,811","695,494","705,317","479,383","241,435","237,948","527,375","266,796","260,579","1,501,855","746,937","754,918","123,682","61,186","62,496","600,449","291,376","309,073","98,348","50,998","47,350","841,160","416,003","425,157","3,725,435","1,857,740","1,867,695","402,256","205,010","197,246","69,851","34,350","35,501","1,095,902","546,013","549,889","926,769","469,609","457,160","230,444","116,250","114,194","696,695","353,127","343,568","72,140","37,595","34,545","448,443","214,310","234,133"
    High school graduate or higher,"528,600","247,769","280,831","86,177","44,976","41,201","709,336","351,056","358,280","322,906","158,314","164,592","4,220,860","2,085,744","2,135,116","663,597","336,371","327,226","397,492","190,481","207,011","98,527","47,377","51,150","89,686","43,264","46,422","2,183,771","1,056,467","1,127,304","1,205,987","569,347","636,640","164,107","82,768","81,339","183,703","90,652","93,051","1,488,042","736,214","751,828","739,215","366,765","372,450","339,906","170,580","169,326","313,155","156,125","157,030","500,163","247,339","252,824","499,048","243,291","255,757","145,492","70,899","74,593","698,319","333,663","364,656","770,547","376,007","394,540","1,072,519","526,331","546,188","628,703","316,143","312,560","332,827","153,762","179,065","665,921","325,571","340,350","112,958","57,667","55,291","208,517","106,244","102,273","325,999","164,424","161,575","147,069","70,866","76,203","1,057,841","512,788","545,053","207,735","105,414","102,321","2,189,035","1,060,819","1,128,216","1,149,848","545,542","604,306","83,699","44,829","38,870","1,281,114","625,890","655,224","420,832","209,179","211,653","468,474","234,173","234,301","1,375,299","674,943","700,356","111,451","53,963","57,488","528,275","248,532","279,743","90,667","46,310","44,357","744,572","359,885","384,687","3,071,942","1,503,640","1,568,302","367,206","187,238","179,968","65,940","31,537","34,403","998,933","489,396","509,537","837,347","419,551","417,796","210,834","104,454","106,380","639,343","320,115","319,228","68,283","35,248","33,035","384,256","175,070","209,186"
    Bachelor's degree or higher,"165,594","69,045","96,549","26,822","12,007","14,815","242,768","115,773","126,995","92,184","40,353","51,831","1,801,173","844,384","956,789","319,083","149,939","169,144","180,801","80,468","100,333","39,092","15,888","23,204","60,511","30,138","30,373","756,030","331,974","424,056","462,361","201,731","260,630","61,430","27,956","33,474","60,716","29,640","31,076","625,162","291,957","333,205","235,174","101,047","134,127","123,606","56,017","67,589","122,064","56,764","65,300","153,497","65,724","87,773","145,998","59,922","86,076","51,524","20,611","30,913","339,348","152,124","187,224","387,501","177,834","209,667","378,272","173,363","204,909","270,410","122,140","148,270","85,720","35,356","50,364","244,004","107,281","136,723","43,277","18,807","24,470","83,941","37,427","46,514","96,635","44,769","51,866","61,992","28,498","33,494","506,306","229,071","277,235","60,654","23,767","36,887","991,369","448,665","542,704","435,224","188,626","246,598","27,905","12,754","15,151","446,560","199,595","246,965","127,632","56,983","70,649","194,256","89,612","104,644","535,516","240,628","294,888","43,347","18,392","24,955","170,940","72,307","98,633","31,126","13,723","17,403","248,145","110,307","137,838","1,143,876","523,926","619,950","134,743","72,335","62,408","26,884","11,814","15,070","464,488","216,224","248,264","345,156","163,506","181,650","49,498","20,634","28,864","233,562","103,935","129,627","20,335","9,187","11,148","140,949","50,107","90,842"
Population 45 to 64 years,"1,283,740","620,239","663,501","188,081","97,577","90,504","1,656,915","803,659","853,256","756,815","369,413","387,402","9,872,623","4,854,069","5,018,554","1,395,155","690,644","704,511","1,034,155","500,881","533,274","256,737","122,021","134,716","147,387","71,997","75,390","5,392,323","2,596,600","2,795,723","2,609,547","1,254,831","1,354,716","354,588","175,653","178,935","401,403","198,789","202,614","3,387,896","1,657,588","1,730,308","1,733,629","850,634","882,995","812,541","405,193","407,348","730,698","361,801","368,897","1,189,688","581,547","608,141","1,192,975","575,309","617,666","406,036","197,963","208,073","1,651,639","788,242","863,397","1,882,039","910,482","971,557","2,760,741","1,351,928","1,408,813","1,474,329","734,602","739,727","751,968","360,571","391,397","1,616,311","789,776","826,535","280,108","138,575","141,533","468,794","232,232","236,562","746,023","372,995","373,028","407,128","200,215","206,913","2,502,556","1,212,099","1,290,457","527,856","255,280","272,576","5,304,674","2,562,161","2,742,513","2,636,083","1,265,490","1,370,593","184,020","93,516","90,504","3,169,742","1,549,113","1,620,629","966,494","472,884","493,610","1,063,998","520,757","543,241","3,564,038","1,746,097","1,817,941","292,849","140,937","151,912","1,293,850","614,439","679,411","218,324","109,321","109,003","1,750,746","844,199","906,547","6,548,055","3,210,846","3,337,209","591,345","293,456","297,889","187,986","91,569","96,417","2,229,167","1,080,825","1,148,342","1,875,555","929,159","946,396","515,668","254,978","260,690","1,596,083","794,622","801,461","151,620","75,517","76,103","885,949","407,922","478,027"
    High school graduate or higher,"1,102,622","523,287","579,335","176,033","91,250","84,783","1,433,627","689,105","744,522","650,789","310,674","340,115","8,019,913","3,920,628","4,099,285","1,285,760","633,777","651,983","950,056","455,599","494,457","233,432","107,966","125,466","128,873","62,866","66,007","4,777,006","2,262,519","2,514,487","2,293,791","1,083,222","1,210,569","327,356","161,669","165,687","365,550","179,594","185,956","3,033,421","1,468,562","1,564,859","1,558,576","755,876","802,700","754,516","371,785","382,731","669,840","328,130","341,710","1,022,517","487,862","534,655","1,021,180","474,975","546,205","376,336","179,048","197,288","1,506,580","711,088","795,492","1,714,171","821,174","892,997","2,529,571","1,223,614","1,305,957","1,390,790","687,706","703,084","631,518","292,477","339,041","1,450,766","697,039","753,727","264,068","129,381","134,687","434,141","213,142","220,999","636,633","314,146","322,487","382,740","185,854","196,886","2,269,355","1,089,992","1,179,363","455,314","216,198","239,116","4,608,622","2,202,875","2,405,747","2,330,457","1,091,008","1,239,449","173,824","87,294","86,530","2,891,451","1,405,400","1,486,051","849,664","409,490","440,174","959,198","466,676","492,522","3,254,457","1,579,119","1,675,338","261,474","124,349","137,125","1,135,652","526,642","609,010","204,279","100,627","103,652","1,530,805","722,892","807,913","5,381,499","2,606,510","2,774,989","540,441","266,523","273,918","175,554","83,859","91,695","2,004,880","954,245","1,050,635","1,715,294","841,631","873,663","450,405","217,569","232,836","1,480,795","729,011","751,784","139,587","69,649","69,938","692,973","299,736","393,237"
    Bachelor's degree or higher,"305,002","142,350","162,652","57,535","28,433","29,102","461,798","224,467","237,331","159,014","70,216","88,798","3,066,436","1,523,566","1,542,870","538,738","264,509","274,229","396,555","187,997","208,558","79,813","37,054","42,759","68,259","34,192","34,067","1,525,821","734,538","791,283","786,767","374,269","412,498","111,530","53,590","57,940","102,239","51,764","50,475","1,074,577","511,499","563,078","423,896","208,626","215,270","202,439","94,763","107,676","230,446","111,111","119,335","263,036","120,793","142,243","263,418","116,755","146,663","112,333","50,041","62,292","638,894","299,015","339,879","749,731","356,255","393,476","738,421","354,843","383,578","494,051","237,638","256,413","147,914","62,209","85,705","430,816","195,447","235,369","78,686","37,862","40,824","137,209","65,232","71,977","173,354","86,275","87,079","141,013","68,352","72,661","931,363","454,847","476,516","145,729","65,783","79,946","1,720,202","798,728","921,474","770,394","353,002","417,392","53,559","25,106","28,453","820,319","396,705","423,614","236,307","111,407","124,900","324,700","157,809","166,891","1,009,039","483,912","525,127","98,950","46,604","52,346","342,966","160,857","182,109","57,585","25,798","31,787","430,377","199,022","231,355","1,835,358","907,150","928,208","189,976","102,644","87,332","67,437","29,383","38,054","823,350","400,114","423,236","621,964","306,991","314,973","95,396","44,559","50,837","436,597","205,463","231,134","36,852","17,660","19,192","234,300","87,001","147,299"
Population 65 years and over,"761,847","329,305","432,542","71,008","35,048","35,960","1,120,004","515,072","604,932","478,114","212,325","265,789","5,189,558","2,298,554","2,891,004","711,572","323,620","387,952","565,283","243,789","321,494","160,824","71,963","88,861","76,591","30,771","45,820","3,945,233","1,771,351","2,173,882","1,302,759","563,658","739,101","237,153","106,797","130,356","243,264","114,197","129,067","1,828,225","791,259","1,036,966","965,324","421,586","543,738","501,152","221,444","279,708","426,052","187,878","238,174","674,128","295,759","378,369","653,608","284,257","369,351","250,568","113,265","137,303","846,985","365,364","481,621","1,044,226","448,520","595,706","1,570,641","695,418","875,223","804,958","361,152","443,806","440,961","189,986","250,975","950,948","416,051","534,897","178,931","85,187","93,744","278,691","123,285","155,406","422,112","199,464","222,648","218,357","99,408","118,949","1,342,951","573,017","769,934","330,594","149,741","180,853","2,962,447","1,261,783","1,700,664","1,515,545","658,879","856,666","107,357","48,192","59,165","1,839,554","798,960","1,040,594","576,031","255,984","320,047","659,778","301,459","358,319","2,181,193","942,140","1,239,053","170,532","72,890","97,642","793,954","352,949","441,005","134,513","61,290","73,223","1,015,780","448,323","567,457","3,221,507","1,428,111","1,793,396","307,842","142,599","165,243","110,084","50,292","59,792","1,187,444","524,430","663,014","1,036,626","473,605","563,021","336,361","151,128","185,233","900,763","403,895","496,868","82,547","39,255","43,292","626,965","271,332","355,633"
    High school graduate or higher,"611,459","269,518","341,941","62,370","31,202","31,168","967,546","453,311","514,235","382,438","171,211","211,227","4,122,791","1,870,254","2,252,537","636,794","293,904","342,890","476,598","206,978","269,620","138,905","61,775","77,130","61,918","24,812","37,106","3,326,242","1,518,483","1,807,759","1,048,795","461,066","587,729","198,185","91,713","106,472","214,353","101,378","112,975","1,527,819","665,612","862,207","805,678","355,660","450,018","442,465","193,810","248,655","375,675","166,607","209,068","513,954","224,357","289,597","514,847","223,398","291,449","218,389","98,381","120,008","716,480","313,110","403,370","881,450","381,008","500,442","1,349,279","599,103","750,176","717,766","320,888","396,878","338,163","145,939","192,224","800,855","353,599","447,256","162,980","77,652","85,328","246,798","109,392","137,406","362,728","174,692","188,036","195,568","88,709","106,859","1,104,297","477,764","626,533","271,659","124,223","147,436","2,345,455","1,020,560","1,324,895","1,229,729","537,078","692,651","89,330","39,607","49,723","1,543,403","673,716","869,687","486,443","219,472","266,971","593,485","273,261","320,224","1,830,609","795,689","1,034,920","136,877","59,759","77,118","640,263","289,436","350,827","115,187","52,324","62,863","796,897","352,279","444,618","2,500,584","1,131,415","1,369,169","280,046","130,704","149,342","95,929","43,169","52,760","968,917","431,640","537,277","930,073","431,602","498,471","259,461","114,701","144,760","786,448","352,937","433,511","74,886","35,602","39,284","328,453","141,984","186,469"
    Bachelor's degree or higher,"161,150","86,868","74,282","21,391","11,385","10,006","311,836","172,502","139,334","89,150","48,308","40,842","1,562,921","835,071","727,850","258,028","141,722","116,306","176,984","93,577","83,407","42,148","23,313","18,835","30,958","14,390","16,568","1,056,556","596,135","460,421","325,446","174,645","150,801","68,211","35,184","33,027","59,518","34,570","24,948","444,655","232,349","212,306","181,628","96,719","84,909","98,903","53,812","45,091","109,648","57,958","51,690","125,399","65,964","59,435","131,175","65,581","65,594","76,149","40,395","35,754","276,109","145,429","130,680","335,260","173,340","161,920","367,929","198,175","169,754","215,948","113,654","102,294","86,545","43,380","43,165","206,043","111,729","94,314","51,857","29,627","22,230","63,436","34,394","29,042","105,116","59,636","45,480","68,031","37,770","30,261","377,408","203,351","174,057","98,986","51,172","47,814","799,119","405,713","393,406","369,037","194,243","174,794","21,293","10,768","10,525","371,856","198,699","173,157","130,169","71,290","58,879","192,828","103,430","89,398","472,595","258,056","214,539","44,642","24,354","20,288","191,847","108,962","82,885","31,140","17,159","13,981","208,234","115,302","92,932","805,243","447,978","357,265","91,963","54,317","37,646","40,233","19,804","20,429","349,736","190,781","158,955","330,161","183,949","146,212","52,464","28,705","23,759","198,724","105,135","93,589","22,866","12,940","9,926","91,542","39,457","52,085"
RACE AND HISPANIC OR LATINO ORIGIN BY EDUCATIONAL ATTAINMENT,,,,,,,,,,,,,,,,,,,,,,,,,,,,,,,,,,,,,,,,,,,,,,,,,,,,,,,,,,,,,,,,,,,,,,,,,,,,,,,,,,,,,,,,,,,,,,,,,,,,,,,,,,,,,,,,,,,,,,,,,,,,,,,,,,,,,,,,,,,,,,,,,,,,,,,,,,,,
    White alone,"2,342,482","1,127,952","1,214,530","332,742","176,839","155,903","3,663,151","1,789,250","1,873,901","1,602,976","775,232","827,744","16,391,723","8,082,516","8,309,207","3,176,001","1,572,202","1,603,799","1,972,537","940,979","1,031,558","475,992","227,575","248,417","202,478","102,288","100,190","11,372,215","5,484,084","5,888,131","4,193,472","2,038,132","2,155,340","277,373","152,134","125,239","991,082","488,291","502,791","6,462,003","3,141,579","3,320,424","3,784,180","1,833,240","1,950,940","1,926,714","936,427","990,287","1,647,260","802,219","845,041","2,669,805","1,283,805","1,386,000","2,040,946","992,642","1,048,304","922,223","441,725","480,498","2,431,681","1,175,815","1,255,866","3,847,911","1,829,064","2,018,847","5,476,399","2,662,905","2,813,494","3,241,046","1,587,830","1,653,216","1,221,054","592,279","628,775","3,475,313","1,680,270","1,795,043","646,117","321,682","324,435","1,116,048","547,104","568,944","1,390,177","701,838","688,339","889,172","432,013","457,159","4,314,800","2,074,062","2,240,738","1,050,391","511,262","539,129","9,050,590","4,361,625","4,688,965","4,880,855","2,340,095","2,540,760","444,249","225,919","218,330","6,679,607","3,220,344","3,459,263","1,970,881","956,031","1,014,850","2,455,068","1,196,212","1,258,856","7,473,341","3,598,333","3,875,008","613,485","289,898","323,587","2,336,941","1,127,109","1,209,832","497,711","246,312","251,399","3,597,172","1,731,063","1,866,109","13,318,221","6,509,195","6,809,026","1,550,430","768,647","781,783","420,262","203,165","217,097","4,025,399","1,962,981","2,062,418","3,917,745","1,936,752","1,980,993","1,228,451","593,945","634,506","3,491,244","1,716,033","1,775,211","363,633","183,589","180,044","1,623,914","733,760","890,154"
        High school graduate or higher,"2,027,741","969,522","1,058,219","318,375","169,133","149,242","3,229,819","1,568,691","1,661,128","1,394,731","666,776","727,955","13,867,594","6,798,451","7,069,143","2,938,828","1,445,664","1,493,164","1,819,666","863,074","956,592","426,994","200,497","226,497","199,389","100,463","98,926","10,132,687","4,843,451","5,289,236","3,676,793","1,768,440","1,908,353","264,973","145,440","119,533","901,896","441,534","460,362","5,872,728","2,839,283","3,033,445","3,371,245","1,625,859","1,745,386","1,786,660","861,781","924,879","1,509,854","729,916","779,938","2,281,835","1,081,142","1,200,693","1,792,498","853,266","939,232","849,243","401,013","448,230","2,230,061","1,071,516","1,158,545","3,558,651","1,678,291","1,880,360","5,005,405","2,416,803","2,588,602","3,069,776","1,494,096","1,575,680","1,066,418","506,636","559,782","3,121,576","1,493,570","1,628,006","608,078","300,662","307,416","1,027,175","500,125","527,050","1,214,102","611,165","602,937","829,647","398,585","431,062","3,911,909","1,868,555","2,043,354","910,934","438,667","472,267","8,194,795","3,932,329","4,262,466","4,320,272","2,039,921","2,280,351","414,137","209,279","204,858","6,054,978","2,905,610","3,149,368","1,742,541","840,020","902,521","2,240,560","1,084,545","1,156,015","6,805,771","3,260,724","3,545,047","550,809","259,179","291,630","2,077,246","988,497","1,088,749","463,438","227,016","236,422","3,125,975","1,485,294","1,640,681","11,013,621","5,336,293","5,677,328","1,445,743","713,234","732,509","388,098","184,283","203,815","3,651,632","1,762,591","1,889,041","3,625,408","1,779,358","1,846,050","1,054,415","502,795","551,620","3,239,464","1,577,692","1,661,772","336,935","170,119","166,816","1,229,880","539,353","690,527"
        Bachelor's degree or higher,"624,622","299,965","324,657","118,915","59,595","59,320","1,066,299","530,718","535,581","369,216","172,134","197,082","5,410,574","2,718,855","2,691,719","1,302,883","637,096","665,787","803,896","381,443","422,453","149,660","70,816","78,844","181,641","90,541","91,100","3,391,679","1,688,171","1,703,508","1,361,747","669,826","691,921","119,495","62,463","57,032","261,788","135,398","126,390","2,236,541","1,087,647","1,148,894","955,101","455,166","499,935","523,519","245,003","278,516","540,943","259,582","281,361","628,456","287,628","340,828","545,966","255,564","290,402","278,780","127,244","151,536","1,039,382","506,090","533,292","1,660,725","785,622","875,103","1,567,878","763,642","804,236","1,156,038","548,004","608,034","296,973","138,355","158,618","997,901","465,621","532,280","204,566","99,154","105,412","343,184","162,218","180,966","346,194","179,868","166,326","313,608","152,076","161,532","1,659,676","808,943","850,733","310,782","144,359","166,423","3,509,467","1,663,226","1,846,241","1,571,634","740,199","831,435","132,561","61,889","70,672","1,842,006","886,883","955,123","514,868","249,681","265,187","795,601","384,678","410,923","2,293,771","1,108,278","1,185,493","210,769","100,534","110,235","726,680","359,723","366,957","145,125","68,221","76,904","962,901","462,910","499,991","3,820,100","1,867,538","1,952,562","510,374","274,701","235,673","156,049","70,043","86,006","1,582,785","778,603","804,182","1,351,153","675,887","675,266","237,137","111,146","125,991","1,022,969","482,875","540,094","97,937","48,891","49,046","433,324","166,336","266,988"
"White alone, not Hispanic or Latino","2,279,702","1,092,757","1,186,945","316,043","168,627","147,416","2,862,388","1,395,735","1,466,653","1,538,245","741,705","796,540","11,281,942","5,572,882","5,709,060","2,704,318","1,336,381","1,367,937","1,793,942","856,593","937,349","445,757","212,140","233,617","184,676","93,659","91,017","8,606,703","4,160,031","4,446,672","3,880,273","1,875,502","2,004,771","251,708","138,280","113,428","921,431","452,333","469,098","5,748,466","2,775,529","2,972,937","3,652,170","1,764,463","1,887,707","1,873,980","910,012","963,968","1,532,073","742,809","789,264","2,621,431","1,258,436","1,362,995","1,945,585","941,812","1,003,773","915,528","439,140","476,388","2,272,082","1,094,541","1,177,541","3,621,936","1,721,981","1,899,955","5,317,387","2,584,734","2,732,653","3,157,190","1,545,673","1,611,517","1,192,659","575,485","617,174","3,398,735","1,642,230","1,756,505","633,603","314,934","318,669","1,044,648","509,743","534,905","1,119,394","567,877","551,517","870,278","423,222","447,056","3,677,456","1,758,997","1,918,459","617,719","302,318","315,401","8,044,662","3,872,549","4,172,113","4,607,089","2,200,124","2,406,965","436,239","221,098","215,141","6,541,286","3,151,979","3,389,307","1,852,170","893,958","958,212","2,281,052","1,107,391","1,173,661","7,213,275","3,469,846","3,743,429","573,543","270,833","302,710","2,247,643","1,078,170","1,169,473","490,147","242,256","247,891","3,483,621","1,668,801","1,814,820","8,475,882","4,134,628","4,341,254","1,428,908","706,499","722,409","416,024","201,138","214,886","3,753,743","1,823,568","1,930,175","3,661,107","1,803,392","1,857,715","1,215,911","587,059","628,852","3,369,492","1,652,112","1,717,380","339,931","171,511","168,420","19,854","9,016","10,838"
    High school graduate or higher,"1,989,189","948,183","1,041,006","302,936","161,618","141,318","2,687,401","1,306,569","1,380,832","1,358,657","648,361","710,296","10,669,566","5,257,974","5,411,592","2,607,259","1,284,514","1,322,745","1,686,054","801,687","884,367","410,005","191,951","218,054","183,888","93,262","90,626","7,974,541","3,822,200","4,152,341","3,479,426","1,667,989","1,811,437","241,164","132,869","108,295","857,923","420,461","437,462","5,391,468","2,597,160","2,794,308","3,288,581","1,583,451","1,705,130","1,754,861","846,710","908,151","1,436,236","693,361","742,875","2,246,417","1,063,807","1,182,610","1,720,821","817,040","903,781","842,827","398,608","444,219","2,116,752","1,014,435","1,102,317","3,391,182","1,601,982","1,789,200","4,888,431","2,361,366","2,527,065","3,011,992","1,466,084","1,545,908","1,047,395","495,504","551,891","3,066,492","1,467,812","1,598,680","597,937","295,364","302,573","988,577","480,376","508,201","1,041,540","527,215","514,325","815,112","392,571","422,541","3,441,892","1,642,113","1,799,779","584,272","283,543","300,729","7,472,297","3,581,339","3,890,958","4,160,473","1,963,989","2,196,484","407,311","205,236","202,075","5,947,558","2,853,362","3,094,196","1,671,631","804,901","866,730","2,131,141","1,030,040","1,101,101","6,617,939","3,170,143","3,447,796","518,861","244,057","274,804","2,019,273","959,294","1,059,979","457,851","224,161","233,690","3,055,838","1,448,511","1,607,327","7,911,575","3,849,875","4,061,700","1,359,217","669,601","689,616","384,401","182,537","201,864","3,453,731","1,663,758","1,789,973","3,455,355","1,693,494","1,761,861","1,043,193","496,479","546,714","3,158,534","1,537,409","1,621,125","320,645","162,063","158,582","16,562","7,425","9,137"
    Bachelor's degree or higher,"615,164","295,504","319,660","115,549","57,909","57,640","970,782","488,056","482,726","362,223","168,887","193,336","4,744,509","2,412,996","2,331,513","1,233,498","606,624","626,874","769,036","368,149","400,887","145,988","69,573","76,415","169,206","84,919","84,287","2,744,064","1,394,937","1,349,127","1,302,741","640,467","662,274","112,801","59,085","53,716","255,613","132,411","123,202","2,129,605","1,036,982","1,092,623","938,194","446,481","491,713","516,845","242,517","274,328","525,185","251,516","273,669","618,233","282,697","335,536","527,447","246,740","280,707","275,461","125,803","149,658","992,161","482,666","509,495","1,611,112","764,431","846,681","1,537,619","749,860","787,759","1,139,988","540,112","599,876","292,606","136,404","156,202","982,462","459,324","523,138","202,714","98,211","104,503","335,365","158,599","176,766","322,096","168,371","153,725","308,651","150,399","158,252","1,534,397","753,439","780,958","246,043","117,208","128,835","3,296,251","1,567,830","1,728,421","1,528,294","719,292","809,002","130,481","61,033","69,448","1,813,371","873,397","939,974","499,166","242,153","257,013","767,117","370,703","396,414","2,245,477","1,088,009","1,157,468","203,679","97,299","106,380","712,287","353,127","359,160","143,592","67,531","76,061","945,896","454,311","491,585","3,153,166","1,567,787","1,585,379","493,703","265,592","228,111","154,469","69,425","85,044","1,512,410","744,860","767,550","1,310,772","657,118","653,654","233,619","109,060","124,559","1,007,490","476,153","531,337","94,844","47,547","47,297","6,602","2,829","3,773"
Black alone,"816,758","362,602","454,156","15,302","9,134","6,168","182,629","94,261","88,368","282,880","128,722","154,158","1,520,866","741,310","779,556","141,755","76,616","65,139","240,257","108,202","132,055","128,898","57,958","70,940","214,913","94,252","120,661","2,036,510","940,719","1,095,791","1,973,154","880,136","1,093,018","19,472","13,499","5,973","4,207","2,628","1,579","1,158,317","519,744","638,573","364,442","166,623","197,819","56,789","30,521","26,268","102,880","51,957","50,923","223,191","108,992","114,199","914,644","415,001","499,643","7,393","4,717","2,676","1,169,317","521,061","648,256","308,859","143,357","165,502","857,718","389,288","468,430","171,319","86,617","84,702","674,020","300,196","373,824","435,414","196,476","238,938","2,764","1,689","1,075","50,500","25,329","25,171","158,431","77,733","80,698","11,872","6,801","5,071","785,776","355,436","430,340","28,411","16,906","11,505","2,016,296","896,692","1,119,604","1,386,316","613,063","773,253","7,621","5,004","2,617","883,121","402,486","480,635","175,937","86,606","89,331","49,935","27,076","22,859","878,088","405,287","472,801","40,153","19,684","20,469","849,904","379,706","470,198","7,412","4,879","2,533","688,804","313,410","375,394","2,051,007","961,419","1,089,588","17,199","10,411","6,788","4,006","2,166","1,840","1,046,000","485,669","560,331","164,860","90,344","74,516","45,636","24,202","21,434","203,699","94,781","108,918","2,674","1,314","1,360","244,341","120,303","124,038"
    High school graduate or higher,"665,958","286,126","379,832","14,585","8,740","5,845","161,624","82,723","78,901","227,656","102,244","125,412","1,353,633","649,430","704,203","127,670","69,620","58,050","207,540","93,605","113,935","112,846","50,006","62,840","181,721","78,100","103,621","1,660,852","753,120","907,732","1,676,403","728,261","948,142","18,445","12,472","5,973","3,709","2,268","1,441","996,040","435,957","560,083","311,392","138,966","172,426","47,420","25,695","21,725","88,915","44,409","44,506","187,808","90,231","97,577","721,227","311,994","409,233","6,184","4,160","2,024","1,050,497","462,174","588,323","259,713","121,525","138,188","727,733","322,646","405,087","138,285","71,717","66,568","521,974","221,940","300,034","371,497","165,003","206,494","2,626","1,643",983,"44,252","22,135","22,117","139,699","67,491","72,208","10,608","5,901","4,707","689,784","310,765","379,019","25,655","14,806","10,849","1,676,477","735,635","940,842","1,170,746","505,952","664,794","6,713","4,355","2,358","749,650","338,612","411,038","154,979","75,447","79,532","43,787","24,917","18,870","742,924","337,783","405,141","33,416","16,685","16,731","688,285","300,238","388,047","4,970","3,365","1,605","578,873","258,258","320,615","1,809,766","837,965","971,801","15,265","9,725","5,540","3,622","1,867","1,755","882,391","402,185","480,206","149,061","82,917","66,144","40,706","20,964","19,742","166,122","75,626","90,496","2,314","1,172","1,142","177,563","84,217","93,346"
    Bachelor's degree or higher,"133,199","48,750","84,449","3,015","1,155","1,860","41,895","21,167","20,728","38,663","13,040","25,623","369,995","172,542","197,453","34,402","17,197","17,205","53,267","22,975","30,292","29,549","12,332","17,217","56,276","26,280","29,996","368,693","142,368","226,325","449,605","165,793","283,812","5,375","3,584","1,791","1,402",949,453,"233,360","87,542","145,818","61,557","25,595","35,962","8,061","3,900","4,161","19,831","10,269","9,562","36,470","15,412","21,058","137,443","47,288","90,155","1,951","1,225",726,"327,713","131,375","196,338","70,790","30,663","40,127","146,180","55,044","91,136","32,599","17,897","14,702","96,640","31,125","65,515","74,471","29,148","45,323",905,556,349,"11,198","5,221","5,977","26,510","11,099","15,411","2,486","1,683",803,"171,216","68,780","102,436","9,019","4,206","4,813","469,975","182,859","287,116","270,670","98,363","172,307","2,636","1,720",916,"145,086","59,884","85,202","32,141","13,941","18,200","14,315","8,546","5,769","149,743","57,596","92,147","7,701","3,477","4,224","125,729","43,023","82,706","1,217",815,402,"126,599","47,813","78,786","458,949","193,230","265,719","4,438","3,072","1,366","1,508","1,010",498,"238,676","101,321","137,355","38,294","21,080","17,214","5,652","2,701","2,951","27,499","10,170","17,329",449,265,184,"47,112","16,503","30,609"
American Indian or Alaska Native alone,"13,968","6,674","7,294","55,872","27,150","28,722","177,653","83,116","94,537","12,114","5,343","6,771","178,755","85,705","93,050","34,411","17,679","16,732","6,556","3,228","3,328","2,439","1,276","1,163",N,N,N,"34,065","16,515","17,550","19,009","10,815","8,194","2,977","1,571","1,406","15,293","7,963","7,330","18,923","8,685","10,238","10,357","5,105","5,252","6,626","2,846","3,780","15,907","7,879","8,028","6,316","3,277","3,039","16,254","7,939","8,315","5,769","2,398","3,371","10,842","5,116","5,726","6,876","3,605","3,271","34,313","17,297","17,016","32,977","15,532","17,445","6,715","3,244","3,471","18,875","9,958","8,917","35,540","17,682","17,858","9,494","3,968","5,526","23,163","11,044","12,119","1,092",611,481,"9,993","4,786","5,207","114,569","52,668","61,901","45,835","23,186","22,649","76,698","36,914","39,784","20,429","9,696","10,733","14,164","8,467","5,697","162,951","77,501","85,450","31,124","14,973","16,151","16,052","7,526","8,526","2,308","1,316",992,"10,104","4,486","5,618","36,822","17,825","18,997","13,054","5,688","7,366","80,308","38,351","41,957","19,323","8,830","10,493","1,810",753,"1,057","14,504","6,868","7,636","56,214","28,417","27,797",N,N,N,"33,706","16,706","17,000","7,863","3,068","4,795","7,621","3,634","3,987"
    High school graduate or higher,"11,058","5,043","6,015","45,544","22,185","23,359","136,231","64,510","71,721","9,902","4,180","5,722","130,298","60,391","69,907","28,239","14,746","13,493","4,585","2,072","2,513","1,940",970,970,N,N,N,"28,283","12,967","15,316","13,292","6,839","6,453","2,801","1,462","1,339","12,812","6,207","6,605","14,362","6,560","7,802","8,889","4,382","4,507","5,195","1,955","3,240","12,478","6,307","6,171","4,478","2,442","2,036","10,576","4,824","5,752","4,845","1,854","2,991","7,542","3,173","4,369","5,786","2,836","2,950","29,460","14,782","14,678","27,479","12,781","14,698","5,102","2,375","2,727","16,170","8,253","7,917","30,210","15,228","14,982","7,792","2,946","4,846","18,795","8,417","10,378","1,036",611,425,"7,221","3,653","3,568","90,369","41,258","49,111","32,782","16,378","16,404","57,015","24,863","32,152","17,195","7,677","9,518","11,150","6,576","4,574","138,908","64,812","74,096","26,378","12,468","13,910","11,081","5,030","6,051","1,692",913,779,"7,829","3,509","4,320","29,279","14,342","14,937","11,176","5,085","6,091","62,173","28,671","33,502","14,785","6,871","7,914","1,513",475,"1,038","12,642","5,930","6,712","46,277","23,053","23,224",N,N,N,"29,244","14,183","15,061","6,638","2,536","4,102","5,918","2,686","3,232"
    Bachelor's degree or higher,"2,679","1,167","1,512","3,988","1,428","2,560","17,670","7,756","9,914","1,895","1,073",822,"25,882","12,190","13,692","4,536","2,599","1,937",835,450,385,618,267,351,N,N,N,"7,631","3,445","4,186","4,229","2,207","2,022",700,164,536,"1,512",272,"1,240","3,046","1,076","1,970","1,877",847,"1,030",887,368,519,"3,017","1,358","1,659",884,501,383,"1,966",835,"1,131","1,022",371,651,"2,417",932,"1,485","2,130","1,022","1,108","4,729","2,182","2,547","4,338","1,697","2,641",579,427,152,"3,196","1,610","1,586","3,961","2,246","1,715",601,149,452,"1,947",721,"1,226",89,0,89,"2,121","1,201",920,"11,195","3,723","7,472","9,002","4,439","4,563","9,348","3,024","6,324","3,192",898,"2,294","1,828","1,135",693,"26,793","11,038","15,755","4,424","2,179","2,245","2,395",800,"1,595",511,511,0,"1,520",736,784,"3,334","1,297","2,037","4,448","2,475","1,973","16,302","6,807","9,495","1,927",611,"1,316",130,34,96,"3,607","1,526","2,081","6,534","2,528","4,006",N,N,N,"3,943","1,791","2,152",701,554,147,"1,939",722,"1,217"
Asian alone,"40,066","18,323","21,743","30,790","13,520","17,270","151,375","68,509","82,866","27,638","13,019","14,619","4,033,232","1,846,422","2,186,810","109,813","48,892","60,921","106,083","50,332","55,751","24,681","11,689","12,992","19,795","7,972","11,823","384,019","168,974","215,045","259,293","122,275","137,018","416,451","188,203","228,248","15,108","5,527","9,581","470,317","220,665","249,652","80,312","36,934","43,378","40,587","18,725","21,862","50,816","23,931","26,885","37,990","16,356","21,634","52,945","24,833","28,112","9,909","3,411","6,498","269,671","124,177","145,494","289,797","135,503","154,294","187,833","89,365","98,468","153,777","72,871","80,906","20,830","10,074","10,756","71,625","31,449","40,176","5,618","1,990","3,628","25,008","11,836","13,172","176,194","75,676","100,518","21,763","9,942","11,821","592,375","282,694","309,681","20,673","8,300","12,373","1,181,113","550,533","630,580","177,423","84,228","93,195","7,246","3,092","4,154","154,759","71,617","83,142","51,378","23,104","28,274","113,966","49,665","64,301","275,539","128,483","147,056","22,643","10,444","12,199","46,103","21,028","25,075","6,479","2,326","4,153","71,185","30,489","40,696","845,450","402,154","443,296","45,900","20,066","25,834","5,144","2,280","2,864","361,659","163,450","198,209","410,667","183,781","226,886","10,281","4,434","5,847","89,609","41,949","47,660","3,127","1,267","1,860","5,361","1,355","4,006"
    High school graduate or higher,"34,451","16,281","18,170","25,177","11,025","14,152","132,737","60,281","72,456","23,559","11,616","11,943","3,518,694","1,646,511","1,872,183","93,283","43,264","50,019","95,795","45,691","50,104","22,840","10,890","11,950","18,548","7,562","10,986","335,395","149,916","185,479","225,098","108,860","116,238","361,216","164,289","196,927","13,553","5,402","8,151","427,048","205,220","221,828","69,272","32,883","36,389","34,002","16,071","17,931","42,864","20,543","22,321","31,476","14,320","17,156","39,172","19,628","19,544","8,209","2,715","5,494","244,975","115,542","129,433","246,074","118,723","127,351","169,009","82,188","86,821","122,374","59,337","63,037","16,757","8,107","8,650","61,426","27,898","33,528","5,201","1,869","3,332","19,763","9,771","9,992","159,312","70,338","88,974","19,418","9,153","10,265","545,959","266,044","279,915","17,506","7,261","10,245","923,184","436,088","487,096","151,583","73,419","78,164","5,868","2,440","3,428","133,565","63,268","70,297","42,787","19,851","22,936","98,311","44,270","54,041","229,285","109,750","119,535","19,768","9,079","10,689","38,158","18,044","20,114","4,197","1,194","3,003","61,225","26,145","35,080","742,369","362,249","380,120","39,848","17,572","22,276","3,771","1,586","2,185","324,898","151,381","173,517","362,385","167,881","194,504","9,209","4,205","5,004","75,401","36,681","38,720","2,778","1,197","1,581","4,282","1,188","3,094"
    Bachelor's degree or higher,"20,490","11,170","9,320","7,554","2,499","5,055","82,037","40,387","41,650","14,233","7,401","6,832","2,047,431","960,766","1,086,665","55,615","26,752","28,863","66,218","33,313","32,905","16,807","8,441","8,366","15,427","6,098","9,329","186,746","88,252","98,494","134,925","68,800","66,125","130,489","58,068","72,421","6,846","2,774","4,072","295,161","143,910","151,251","48,238","24,885","23,353","18,238","9,809","8,429","23,313","11,693","11,620","19,821","9,334","10,487","18,999","10,764","8,235","4,175","1,554","2,621","171,825","83,104","88,721","167,880","82,774","85,106","118,646","62,746","55,900","66,887","33,654","33,233","8,314","4,384","3,930","42,624","20,145","22,479","3,086",984,"2,102","12,674","7,276","5,398","64,247","27,775","36,472","14,713","7,007","7,706","400,310","198,495","201,815","9,160","3,608","5,552","551,376","259,274","292,102","97,596","49,110","48,486","2,609","1,329","1,280","93,128","46,690","46,438","20,959","9,662","11,297","55,924","25,985","29,939","147,748","73,686","74,062","12,472","5,837","6,635","22,239","11,957","10,282","2,213",571,"1,642","35,054","16,071","18,983","487,985","250,508","237,477","22,078","10,496","11,582","2,112",775,"1,337","212,299","103,373","108,926","210,980","100,181","110,799","7,013","3,312","3,701","39,550","18,885","20,665","1,069",499,570,"1,378",490,888
Native Hawaiian and Other Pacific Islander alone,"2,449","1,224","1,225","2,825","1,312","1,513","7,626","3,845","3,781","3,935","1,876","2,059","99,185","47,229","51,956","5,134","2,306","2,828",N,N,N,N,N,N,N,N,N,"7,267","2,620","4,647",N,N,N,"83,203","42,463","40,740",N,N,N,"2,500","1,139","1,361","1,442",671,771,N,N,N,N,N,N,N,N,N,N,N,N,N,N,N,"2,105",887,"1,218",N,N,N,N,N,N,970,457,513,N,N,N,"2,741","1,128","1,613",N,N,N,N,N,N,"11,434","6,439","4,995",N,N,N,N,N,N,N,N,N,"4,384","1,903","2,481","2,866","1,799","1,067",N,N,N,"2,852","1,349","1,503","2,089",647,"1,442","8,568","4,178","4,390","2,887","1,172","1,715",N,N,N,N,N,N,N,N,N,N,N,N,"12,601","6,585","6,016","12,042","5,702","6,340",N,N,N,"3,179","1,295","1,884","26,456","12,960","13,496",N,N,N,"1,280",396,884,N,N,N,N,N,N
    High school graduate or higher,"1,220",647,573,"2,406",982,"1,424","6,776","3,205","3,571","2,795","1,538","1,257","86,980","41,642","45,338","4,876","2,190","2,686",N,N,N,N,N,N,N,N,N,"6,862","2,388","4,474",N,N,N,"74,661","38,009","36,652",N,N,N,"2,015",932,"1,083","1,385",671,714,N,N,N,N,N,N,N,N,N,N,N,N,N,N,N,"1,962",766,"1,196",N,N,N,N,N,N,897,429,468,N,N,N,"2,126","1,053","1,073",N,N,N,N,N,N,"10,334","5,694","4,640",N,N,N,N,N,N,N,N,N,"3,726","1,694","2,032","2,178","1,355",823,N,N,N,"2,673","1,305","1,368","1,529",415,"1,114","7,665","3,798","3,867","1,927",862,"1,065",N,N,N,N,N,N,N,N,N,N,N,N,"11,210","5,747","5,463","11,007","5,319","5,688",N,N,N,"2,869","1,095","1,774","22,825","11,387","11,438",N,N,N,"1,060",381,679,N,N,N,N,N,N
    Bachelor's degree or higher,319,167,152,72,41,31,"1,586",363,"1,223",18,18,0,"16,722","8,286","8,436",931,388,543,N,N,N,N,N,N,N,N,N,"1,529",704,825,N,N,N,"10,932","5,249","5,683",N,N,N,403,142,261,632,253,379,N,N,N,N,N,N,N,N,N,N,N,N,N,N,N,656,312,344,N,N,N,N,N,N,423,219,204,N,N,N,551,329,222,N,N,N,N,N,N,957,493,464,N,N,N,N,N,N,N,N,N,991,645,346,275,108,167,N,N,N,791,155,636,285,49,236,"1,380",631,749,419,350,69,N,N,N,N,N,N,N,N,N,N,N,N,"1,671","1,171",500,"2,057","1,079",978,N,N,N,870,421,449,"2,924","1,693","1,231",N,N,N,399,172,227,N,N,N,N,N,N
Some other race alone,"27,494","16,133","11,361","6,962","3,797","3,165","266,473","132,832","133,641","32,419","17,321","15,098","3,082,022","1,568,691","1,513,331","124,401","64,420","59,981","106,291","54,650","51,641","10,994","5,560","5,434","21,956","11,999","9,957","335,474","167,824","167,650","146,924","79,725","67,199","7,652","4,339","3,313","20,682","10,623","10,059","439,310","229,673","209,637","72,520","37,656","34,864","24,545","13,979","10,566","38,419","19,645","18,774","18,316","10,692","7,624","31,487","18,036","13,451",N,N,N,"145,065","78,560","66,505","166,553","82,176","84,377","66,303","36,142","30,161","44,600","25,191","19,409","15,645","10,020","5,625","34,466","18,400","16,066","4,084","2,034","2,050","16,240","7,915","8,325","149,405","78,301","71,104","3,154","1,596","1,558","361,513","181,255","180,258","132,339","67,190","65,149","1,073,742","520,184","553,558","152,081","83,004","69,077","3,308","1,715","1,593","57,002","31,887","25,115","57,107","31,443","25,664","59,256","33,527","25,729","140,600","73,648","66,952","37,147","18,944","18,203","38,833","22,473","16,360","4,519","1,930","2,589","47,887","26,436","21,451","880,090","462,123","417,967","70,708","36,309","34,399",N,N,N,"117,021","63,665","53,356","150,438","80,954","69,484","2,786","2,385",401,"56,526","30,401","26,125","5,746","2,763","2,983","394,124","189,488","204,636"
    High school graduate or higher,"12,509","5,864","6,645","5,488","3,016","2,472","161,319","78,319","83,000","17,690","9,028","8,662","1,800,164","907,153","893,011","80,897","42,142","38,755","67,283","33,369","33,914","6,579","3,293","3,286","12,584","6,806","5,778","253,475","123,161","130,314","84,145","43,916","40,229","6,832","3,912","2,920","10,478","5,286","5,192","257,079","132,634","124,445","44,245","22,121","22,124","12,936","6,505","6,431","21,387","10,077","11,310","9,588","5,193","4,395","22,810","13,186","9,624",N,N,N,"74,129","37,773","36,356","106,739","52,077","54,662","42,383","24,031","18,352","24,301","12,901","11,400","7,126","3,971","3,155","19,761","10,588","9,173","3,665","1,968","1,697","10,368","4,740","5,628","89,526","47,029","42,497","2,890","1,477","1,413","250,908","120,317","130,591","94,093","47,018","47,075","680,024","325,006","355,018","76,506","37,401","39,105","2,409","1,169","1,240","40,878","23,788","17,090","30,199","16,702","13,497","31,368","17,632","13,736","93,941","47,803","46,138","22,109","11,098","11,011","22,204","11,375","10,829","2,708",856,"1,852","26,277","14,504","11,773","517,856","269,905","247,951","43,714","22,164","21,550",N,N,N,"74,662","38,901","35,761","88,128","45,219","42,909","2,402","2,167",235,"33,656","18,543","15,113","4,523","2,004","2,519","279,686","129,486","150,200"
    Bachelor's degree or higher,"2,237","1,061","1,176","1,088",727,361,"23,276","10,214","13,062","2,903","1,150","1,753","287,293","131,310","155,983","14,458","7,429","7,029","11,148","5,761","5,387","1,397",615,782,"6,329","3,428","2,901","67,269","30,988","36,281","17,513","9,431","8,082","2,787","1,846",941,"1,060",436,624,"42,281","18,271","24,010","6,954","3,443","3,511","1,872","1,021",851,"3,291","1,565","1,726","2,179","1,073","1,106","4,224","1,723","2,501",N,N,N,"17,876","9,159","8,717","22,034","11,874","10,160","9,097","5,696","3,401","5,728","3,352","2,376",649,338,311,"4,680","2,313","2,367",441,57,384,"1,351",489,862,"10,231","4,507","5,724",987,382,605,"51,625","21,215","30,410","15,457","6,995","8,462","148,597","64,161","84,436","15,372","6,798","8,574",385,17,368,"7,428","3,480","3,948","4,994","2,472","2,522","5,949","3,133","2,816","15,289","6,561","8,728","2,840","1,216","1,624","4,679","1,919","2,760",438,295,143,"7,117","3,841","3,276","84,855","39,465","45,390","5,797","3,236","2,561",N,N,N,"18,199","8,255","9,944","14,440","6,671","7,769",962,826,136,"5,722","2,563","3,159",778,36,742,"80,892","29,209","51,683"
Two or more races,"39,035","18,562","20,473","25,030","12,584","12,446","88,047","43,953","44,094","25,857","13,025","12,832","779,480","377,282","402,198","80,338","40,138","40,200","42,698","21,523","21,175","9,375","4,682","4,693","11,920","5,061","6,859","224,731","110,616","114,115","89,223","40,308","48,915","178,786","88,556","90,230","18,936","10,270","8,666","110,568","51,568","59,000","50,320","23,976","26,344","17,442","8,176","9,266","32,105","15,440","16,665","31,452","15,845","15,607","38,075","17,271","20,804","14,261","7,472","6,789","73,805","34,824","38,981","85,966","43,537","42,429","103,312","49,307","54,005","56,246","26,430","29,816","13,239","6,724","6,515","58,778","30,836","27,942","11,769","4,781","6,988","14,547","6,940","7,607","59,363","26,574","32,789","9,975","5,429","4,546","99,657","45,046","54,611","30,507","16,086","14,421","269,513","128,565","140,948","86,405","42,517","43,888","9,048","6,156","2,892","104,965","50,991","53,974","137,520","66,229","71,291","86,544","42,893","43,651","109,220","51,519","57,701","14,270","6,470","7,800","36,388","17,888","18,500","9,592","5,472","4,120","53,652","26,894","26,758","285,184","136,234","148,950","26,347","14,544","11,803","5,816","2,843","2,973","117,556","58,891","58,665","162,934","79,375","83,559","10,952","4,923","6,029","42,933","21,146","21,787","5,652","1,919","3,733","107,165","50,458","56,707"
    High school graduate or higher,"32,433","15,157","17,276","23,332","11,749","11,583","77,475","38,041","39,434","21,415","10,920","10,495","684,390","330,134","354,256","74,207","36,429","37,778","37,285","18,256","19,029","8,902","4,334","4,568","10,641","4,556","6,085","195,475","93,357","102,118","79,979","36,512","43,467","166,991","81,523","85,468","16,357","8,639","7,718","101,064","47,194","53,870","43,009","20,931","22,078","15,114","7,178","7,936","28,427","13,641","14,786","27,993","14,113","13,880","31,431","13,956","17,475","11,809","6,310","5,499","67,654","31,612","36,042","69,957","34,523","35,434","89,264","41,815","47,449","50,517","22,444","28,073","11,317","5,794","5,523","51,032","26,781","24,251","10,539","4,259","6,280","12,060","5,428","6,632","53,038","23,691","29,347","8,846","4,713","4,133","84,006","37,872","46,134","26,794","13,623","13,171","214,618","101,406","113,212","74,925","35,927","38,998","8,611","5,838","2,773","90,302","43,656","46,646","122,262","58,774","63,488","76,807","37,818","38,989","93,648","43,729","49,919","12,168","5,621","6,547","30,953","15,124","15,829","7,967","4,701","3,266","44,831","21,996","22,835","244,724","117,078","127,646","23,821","12,978","10,843","3,819","1,681","2,138","106,463","52,811","53,652","146,999","70,265","76,734","9,964","4,360","5,604","38,506","19,185","19,321","5,082","1,728","3,354","83,419","36,894","46,525"
    Bachelor's degree or higher,"9,330","3,921","5,409","4,784","2,398","2,386","24,686","10,872","13,814","6,453","3,523","2,930","257,793","119,088","138,705","27,951","13,614","14,337","12,545","5,323","7,222","3,898","1,945","1,953","7,470","3,361","4,109","68,791","34,071","34,720","31,392","12,993","18,399","39,416","17,238","22,178","4,145","2,185","1,960","42,748","18,909","23,839","13,761","5,618","8,143","3,660","1,658","2,002","8,307","3,587","4,720","8,209","3,753","4,456","9,425","3,412","6,013","3,299","1,514","1,785","31,745","14,055","17,690","27,978","13,432","14,546","23,469","9,579","13,890","17,994","7,256","10,738","3,218","1,411","1,807","17,437","8,156","9,281","3,161",956,"2,205","3,280","1,485","1,795","13,595","5,327","8,268","2,323","1,357",966,"32,213","14,752","17,461","8,849","4,298","4,551","89,055","37,190","51,865","26,162","12,046","14,116","2,020",930,"1,090","24,849","11,529","13,320","29,964","13,320","16,644","24,074","11,095","12,979","31,658","14,492","17,166","4,525","1,917","2,608","9,331","4,474","4,857","2,537","1,411","1,126","14,814","7,086","7,728","85,512","42,323","43,189","8,041","4,046","3,995","1,432",540,892,"45,608","22,175","23,433","46,568","21,287","25,281","3,114",976,"2,138","12,376","5,144","7,232","1,068",303,765,"25,583","8,879","16,704"
Hispanic or Latino Origin,"96,774","53,999","42,775","25,926","13,080","12,846","1,122,913","555,194","567,719","99,470","52,809","46,661","8,573,223","4,266,003","4,307,220","633,161","320,582","312,579","310,831","151,823","159,008","44,801","23,504","21,297","45,602","23,356","22,246","3,235,668","1,559,974","1,675,694","491,368","259,064","232,304","74,545","38,835","35,710","94,680","49,015","45,665","1,194,878","615,235","579,643","214,180","110,845","103,335","80,639","41,921","38,718","163,205","83,659","79,546","70,554","38,787","31,767","135,643","73,364","62,279","9,377","4,009","5,368","321,985","167,413","154,572","415,601","200,577","215,024","242,913","122,142","120,771","136,552","70,947","65,605","46,689","27,811","18,878","119,961","61,423","58,538","18,587","9,557","9,030","92,018","47,978","44,040","443,701","223,691","220,010","23,341","11,023","12,318","1,061,429","525,613","535,816","589,076","287,945","301,131","2,276,885","1,101,544","1,175,341","450,020","234,882","215,138","12,348","6,924","5,424","212,227","107,647","104,580","188,004","99,362","88,642","257,198","134,387","122,811","451,762","226,075","225,687","81,214","39,562","41,652","136,778","76,117","60,661","14,060","7,497","6,563","165,216","90,106","75,110","5,880,798","2,917,258","2,963,540","201,172","103,526","97,646","5,542","2,377","3,165","418,669","217,782","200,887","437,200","228,429","208,771","15,498","8,990","6,508","188,555","99,022","89,533","30,770","15,189","15,581","2,355,115","1,086,251","1,268,864"
    High school graduate or higher,"55,544","28,854","26,690","22,866","11,393","11,473","746,212","362,653","383,559","54,643","28,208","26,435","5,281,597","2,584,568","2,697,029","442,962","219,635","223,327","220,475","104,244","116,231","26,522","13,711","12,811","32,788","16,016","16,772","2,517,399","1,195,300","1,322,099","301,546","154,107","147,439","66,660","33,667","32,993","57,796","28,154","29,642","771,827","389,961","381,866","134,491","67,648","66,843","46,522","22,229","24,293","102,172","50,204","51,968","48,160","24,664","23,496","100,211","51,960","48,251","8,661","3,742","4,919","199,730","99,005","100,725","286,452","133,107","153,345","172,737","84,765","87,972","88,243","43,222","45,021","28,023","15,690","12,333","82,724","40,593","42,131","15,638","8,000","7,638","51,801","25,970","25,831","279,430","139,276","140,154","18,470","7,989","10,481","769,665","369,348","400,317","441,658","211,661","229,997","1,540,260","738,503","801,757","254,204","120,911","133,293","10,168","5,503","4,665","161,803","81,883","79,920","110,287","56,160","54,127","159,098","81,663","77,435","315,639","153,679","161,960","57,241","27,269","29,972","86,133","44,184","41,949","9,975","5,035","4,940","98,215","51,506","46,709","3,734,366","1,814,302","1,920,064","136,844","69,990","66,854","4,809","2,084","2,725","297,466","150,008","147,458","281,622","141,140","140,482","13,933","8,202","5,731","122,559","62,506","60,053","21,789","10,284","11,505","1,758,675","783,693","974,982"
    Bachelor's degree or higher,"12,459","5,592","6,867","4,733","2,353","2,380","125,693","56,055","69,638","9,688","4,388","5,300","1,020,906","465,933","554,973","90,100","41,448","48,652","49,931","20,751","29,180","6,209","2,267","3,942","20,184","9,758","10,426","737,941","335,507","402,434","79,025","38,841","40,184","15,833","7,844","7,989","7,707","3,539","4,168","160,792","73,456","87,336","25,580","12,436","13,144","8,721","3,440","5,281","20,800","10,355","10,445","12,540","6,167","6,373","24,168","11,413","12,755","4,095","1,881","2,214","68,357","32,615","35,742","73,751","33,876","39,875","40,564","18,812","21,752","23,844","11,970","11,874","5,891","2,709","3,182","22,336","9,419","12,917","2,852","1,262","1,590","9,361","4,207","5,154","36,882","16,746","20,136","6,124","2,199","3,925","189,452","81,880","107,572","84,598","35,512","49,086","401,147","173,069","228,078","60,779","27,818","32,961","2,947",978,"1,969","36,353","16,853","19,500","21,801","10,674","11,127","39,271","19,720","19,551","68,424","28,466","39,958","11,233","5,100","6,133","20,731","9,140","11,591","2,631","1,452","1,179","21,770","11,027","10,743","776,991","349,542","427,449","23,080","12,745","10,335","2,037",777,"1,260","96,357","46,331","50,026","60,269","27,305","32,964","4,160","2,483","1,677","22,321","9,543","12,778","3,945","1,380","2,565","581,177","218,111","363,066"
POVERTY RATE FOR THE POPULATION 25 YEARS AND OVER FOR WHOM POVERTY STATUS IS DETERMINED BY EDUCATIONAL ATTAINMENT LEVEL,,,,,,,,,,,,,,,,,,,,,,,,,,,,,,,,,,,,,,,,,,,,,,,,,,,,,,,,,,,,,,,,,,,,,,,,,,,,,,,,,,,,,,,,,,,,,,,,,,,,,,,,,,,,,,,,,,,,,,,,,,,,,,,,,,,,,,,,,,,,,,,,,,,,,,,,,,,,
    Less than high school graduate,(X),(X),(X),(X),(X),(X),(X),(X),(X),(X),(X),(X),(X),(X),(X),(X),(X),(X),(X),(X),(X),(X),(X),(X),(X),(X),(X),(X),(X),(X),(X),(X),(X),(X),(X),(X),(X),(X),(X),(X),(X),(X),(X),(X),(X),(X),(X),(X),(X),(X),(X),(X),(X),(X),(X),(X),(X),(X),(X),(X),(X),(X),(X),(X),(X),(X),(X),(X),(X),(X),(X),(X),(X),(X),(X),(X),(X),(X),(X),(X),(X),(X),(X),(X),(X),(X),(X),(X),(X),(X),(X),(X),(X),(X),(X),(X),(X),(X),(X),(X),(X),(X),(X),(X),(X),(X),(X),(X),(X),(X),(X),(X),(X),(X),(X),(X),(X),(X),(X),(X),(X),(X),(X),(X),(X),(X),(X),(X),(X),(X),(X),(X),(X),(X),(X),(X),(X),(X),(X),(X),(X),(X),(X),(X),(X),(X),(X),(X),(X),(X),(X),(X),(X),(X),(X),(X)
    High school graduate (includes equivalency),(X),(X),(X),(X),(X),(X),(X),(X),(X),(X),(X),(X),(X),(X),(X),(X),(X),(X),(X),(X),(X),(X),(X),(X),(X),(X),(X),(X),(X),(X),(X),(X),(X),(X),(X),(X),(X),(X),(X),(X),(X),(X),(X),(X),(X),(X),(X),(X),(X),(X),(X),(X),(X),(X),(X),(X),(X),(X),(X),(X),(X),(X),(X),(X),(X),(X),(X),(X),(X),(X),(X),(X),(X),(X),(X),(X),(X),(X),(X),(X),(X),(X),(X),(X),(X),(X),(X),(X),(X),(X),(X),(X),(X),(X),(X),(X),(X),(X),(X),(X),(X),(X),(X),(X),(X),(X),(X),(X),(X),(X),(X),(X),(X),(X),(X),(X),(X),(X),(X),(X),(X),(X),(X),(X),(X),(X),(X),(X),(X),(X),(X),(X),(X),(X),(X),(X),(X),(X),(X),(X),(X),(X),(X),(X),(X),(X),(X),(X),(X),(X),(X),(X),(X),(X),(X),(X)
    Some college or associate's degree,(X),(X),(X),(X),(X),(X),(X),(X),(X),(X),(X),(X),(X),(X),(X),(X),(X),(X),(X),(X),(X),(X),(X),(X),(X),(X),(X),(X),(X),(X),(X),(X),(X),(X),(X),(X),(X),(X),(X),(X),(X),(X),(X),(X),(X),(X),(X),(X),(X),(X),(X),(X),(X),(X),(X),(X),(X),(X),(X),(X),(X),(X),(X),(X),(X),(X),(X),(X),(X),(X),(X),(X),(X),(X),(X),(X),(X),(X),(X),(X),(X),(X),(X),(X),(X),(X),(X),(X),(X),(X),(X),(X),(X),(X),(X),(X),(X),(X),(X),(X),(X),(X),(X),(X),(X),(X),(X),(X),(X),(X),(X),(X),(X),(X),(X),(X),(X),(X),(X),(X),(X),(X),(X),(X),(X),(X),(X),(X),(X),(X),(X),(X),(X),(X),(X),(X),(X),(X),(X),(X),(X),(X),(X),(X),(X),(X),(X),(X),(X),(X),(X),(X),(X),(X),(X),(X)
    Bachelor's degree or higher,(X),(X),(X),(X),(X),(X),(X),(X),(X),(X),(X),(X),(X),(X),(X),(X),(X),(X),(X),(X),(X),(X),(X),(X),(X),(X),(X),(X),(X),(X),(X),(X),(X),(X),(X),(X),(X),(X),(X),(X),(X),(X),(X),(X),(X),(X),(X),(X),(X),(X),(X),(X),(X),(X),(X),(X),(X),(X),(X),(X),(X),(X),(X),(X),(X),(X),(X),(X),(X),(X),(X),(X),(X),(X),(X),(X),(X),(X),(X),(X),(X),(X),(X),(X),(X),(X),(X),(X),(X),(X),(X),(X),(X),(X),(X),(X),(X),(X),(X),(X),(X),(X),(X),(X),(X),(X),(X),(X),(X),(X),(X),(X),(X),(X),(X),(X),(X),(X),(X),(X),(X),(X),(X),(X),(X),(X),(X),(X),(X),(X),(X),(X),(X),(X),(X),(X),(X),(X),(X),(X),(X),(X),(X),(X),(X),(X),(X),(X),(X),(X),(X),(X),(X),(X),(X),(X)
MEDIAN EARNINGS IN THE PAST 12 MONTHS (IN 2015 INFLATION-ADJUSTED DOLLARS),,,,,,,,,,,,,,,,,,,,,,,,,,,,,,,,,,,,,,,,,,,,,,,,,,,,,,,,,,,,,,,,,,,,,,,,,,,,,,,,,,,,,,,,,,,,,,,,,,,,,,,,,,,,,,,,,,,,,,,,,,,,,,,,,,,,,,,,,,,,,,,,,,,,,,,,,,,,
Population 25 years and over with earnings,"32,468","40,366","26,849","41,968","51,160","34,713","35,016","40,163","30,484","30,983","35,947","26,448","37,476","42,110","31,960","40,229","46,719","32,327","46,500","53,355","39,554","40,734","45,135","35,938","57,512","64,754","51,981","31,662","35,830","28,564","35,014","40,612","30,052","38,609","42,851","33,381","31,173","38,315","23,534","40,120","47,097","31,942","35,368","41,951","28,272","36,469","42,606","29,520","36,727","43,792","30,123","32,495","39,086","27,461","35,208","43,660","27,026","33,282","40,312","28,557","47,312","52,469","41,249","46,480","52,364","40,032","35,543","42,581","28,008","40,851","47,156","34,598","31,090","36,874","26,048","35,129","41,116","29,619","31,848","40,107","26,231","36,403","42,172","30,440","33,755","37,724","30,713","42,178","50,676","36,037","45,704","52,239","37,223","31,109","35,901","26,499","40,996","46,553","35,922","33,096","38,557","29,576","40,741","50,615","31,353","36,014","42,400","29,777","32,950","40,923","27,040","33,828","40,467","28,457","37,775","45,448","31,231","41,130","46,334","36,076","32,063","37,769","27,565","34,248","40,942","28,439","32,406","39,198","27,653","36,361","42,054","30,242","36,431","46,519","26,674","36,529","41,377","31,876","41,361","50,020","34,491","41,140","50,075","32,776","31,634","39,828","26,183","37,222","43,118","31,199","37,811","50,641","27,361","18,128","18,022","18,232"
        Less than high school graduate,"20,732","25,122","14,134","21,923","26,389","16,073","20,377","22,690","15,639","21,608","25,422","16,301","20,880","24,014","16,166","25,304","30,123","16,633","22,595","28,932","18,348","25,297","28,306","21,795","23,604","26,203","20,998","19,735","22,216","15,978","20,592","23,460","15,891","25,396","27,409","23,051","20,974","25,828","14,680","22,052","26,085","17,170","21,431","26,928","15,157","24,854","30,066","18,061","23,174","28,124","16,986","19,482","21,464","15,185","20,694","26,765","13,918","20,130","21,871","15,796","25,074","28,515","18,475","23,077","26,660","18,551","20,106","23,165","15,103","22,801","26,844","18,061","21,833","26,393","14,547","21,161","25,521","16,200","17,549","20,952","15,454","22,266","25,734","16,870","25,316","27,209","20,945","29,179","32,413","23,518","22,278","26,034","17,401","18,599","22,223","13,009","20,814","23,981","16,203","20,359","22,494","15,674","30,667","38,773","17,462","20,775","25,295","15,388","22,135","27,294","15,608","21,904","25,691","18,147","21,860","26,723","16,420","23,540","26,376","20,680","19,637","22,343","14,149","24,776","26,760","15,959","20,461","22,922","15,653","21,362","25,664","14,998","23,626","27,474","17,217","21,884","29,187","13,401","22,657","27,318","16,937","24,751","28,505","19,638","18,618","23,884","13,926","22,730","26,670","17,163","25,376","31,821","12,772","10,179","10,707","9,157"
        High school graduate (includes equivalency),"27,223","33,864","20,847","33,815","41,365","25,312","27,947","31,563","23,454","26,241","31,159","20,966","29,108","32,194","23,233","31,280","36,628","25,450","35,288","41,902","27,322","30,752","37,460","25,000","28,467","30,241","26,594","25,474","29,254","21,373","26,802","31,389","21,762","31,995","35,842","29,653","26,002","32,008","18,745","29,773","36,067","22,375","30,137","36,486","22,161","30,734","37,410","22,033","28,715","35,217","21,855","27,326","32,679","21,511","28,713","38,268","20,576","27,259","32,367","21,708","34,243","40,474","28,176","32,480","40,770","26,188","26,835","32,386","20,910","31,311","37,256","24,020","26,411","31,921","20,436","27,375","32,237","21,728","26,806","33,515","20,361","29,307","35,451","21,880","30,254","32,257","26,105","33,726","40,392","27,088","31,719","38,303","25,850","26,477","30,931","21,260","30,614","35,668","23,940","26,632","30,714","21,446","33,374","41,998","23,957","29,284","35,968","22,097","27,321","33,366","21,381","26,567","31,372","22,149","30,304","36,580","23,178","34,328","40,411","27,162","26,184","30,558","21,501","29,135","36,472","21,713","26,490","31,699","21,326","28,000","33,211","21,930","30,517","36,623","22,757","30,898","36,005","24,739","29,674","34,544","23,852","31,319","37,320","24,674","26,658","34,013","20,838","30,884","37,155","23,994","32,377","46,539","21,213","14,590","15,419","12,497"
        Some college or associate's degree,"30,878","40,592","25,396","41,036","50,968","31,797","33,632","40,033","30,015","30,020","36,451","25,367","36,161","42,159","30,683","35,392","41,441","29,651","40,982","48,484","35,862","36,993","41,490","31,528","38,881","41,206","35,878","31,137","35,610","27,766","31,750","40,010","26,624","36,558","42,900","31,266","29,633","37,009","22,364","35,823","45,093","28,612","32,335","41,588","26,644","34,482","42,348","27,131","33,462","41,584","26,775","31,285","39,972","25,453","31,959","42,336","25,481","32,010","40,628","27,097","41,290","50,219","35,791","38,797","48,314","32,133","31,865","41,495","25,811","36,845","43,917","31,099","30,679","40,003","25,007","32,114","40,747","26,626","30,429","37,416","24,479","34,836","42,087","27,610","33,253","40,010","30,389","40,122","47,694","33,577","39,832","48,082","32,117","29,996","36,070","25,060","36,736","43,881","31,321","31,060","37,339","26,164","37,644","50,258","28,483","32,285","41,237","27,034","32,197","41,034","26,801","31,625","38,653","26,505","35,547","43,017","29,630","37,783","43,329","31,875","31,663","39,884","26,308","32,264","40,662","27,162","31,615","39,931","26,578","35,462","42,435","28,877","32,661","41,844","25,276","36,054","38,966","33,670","35,656","43,346","30,483","37,293","46,504","30,737","30,816","40,341","25,615","35,361","42,369","29,090","35,229","51,053","25,453","16,994","18,412","15,837"
        Bachelor's degree,"46,740","60,321","39,543","52,885","64,905","42,423","49,801","60,684","40,862","42,828","52,803","38,758","57,282","67,274","50,053","50,196","61,150","40,975","61,071","75,348","49,547","52,261","61,339","47,232","64,142","70,920","57,796","42,714","51,349","38,424","49,696","60,816","41,262","46,167","52,348","40,741","42,661","52,109","31,865","52,369","66,277","43,487","46,884","60,139","38,824","46,518","57,354","37,581","46,436","59,825","37,313","45,058","52,231","38,970","46,367","60,238","40,497","41,214","50,731","35,093","60,745","70,850","51,398","57,285","70,358","48,867","49,839","61,593","39,268","51,601","62,708","42,703","39,960","50,472","35,298","45,607","56,248","38,258","39,292","49,881","32,546","46,833","56,216","40,251","45,977","51,898","40,217","51,426","70,110","41,958","60,935","75,749","51,054","42,423","51,553","38,863","55,360","63,032","49,180","46,171","57,212","39,364","45,787","57,952","39,956","50,191","60,902","41,029","42,195","55,088","35,839","44,049","55,165","35,954","50,791","61,234","41,647","50,880","61,136","42,157","44,151","53,775","36,398","41,273","51,155","35,457","45,600","54,746","38,506","51,887","66,212","45,857","46,255","60,964","32,143","40,348","50,748","32,958","55,799","71,065","45,784","55,795","70,177","44,389","41,512","53,355","35,903","47,383","57,485","41,171","46,092","54,305","40,543","24,171","29,997","22,092"
        Graduate or professional degree,"56,164","76,121","50,413","70,590","77,073","64,785","60,884","77,580","50,530","55,490","71,766","50,082","80,442","100,017","66,382","63,270","82,156","52,012","77,568","98,411","66,887","65,967","77,467","61,040","84,682","96,219","76,357","57,128","71,555","50,339","61,443","77,463","52,399","65,094","79,582","54,900","57,829","71,006","50,584","70,580","87,924","60,300","60,699","74,567","51,960","61,206","72,075","52,452","59,574","76,850","50,743","53,986","66,330","50,465","57,131","72,160","50,711","54,528","65,953","50,184","81,087","98,774","68,399","74,405","91,712","64,312","66,580","82,188","55,453","67,260","77,837","60,319","51,111","65,574","45,720","57,209","71,480","50,944","52,284","60,904","50,192","60,470","71,396","52,149","62,155","75,043","55,266","67,491","90,846","57,362","83,032","101,603","68,086","57,560","75,074","50,875","71,684","86,817","62,172","59,243","80,225","50,162","65,049","80,867","51,937","62,324","77,102","54,680","55,490","71,406","45,524","61,139","77,190","50,988","66,931","82,479","57,016","70,840","80,406","63,536","52,733","66,458","49,430","51,443","60,150","47,466","56,896","72,077","48,477","70,031","90,591","56,166","70,017","83,048","51,666","55,525","66,856","47,024","78,049","100,317","60,921","71,123","90,717","58,794","52,317","63,858","48,198","61,217","72,205","55,515","61,476","70,198","57,720","36,913","42,848","34,133"